SID,COORDINATES,NAME
2015012N09146,"[(8.8, 141.8, 0), (9.0, 141.3, 3), (9.3, 140.8, 3), (9.6, 140.3, 3), (9.9, 139.7, 3), (10.3, 139.1, 3), (10.6, 138.4, 3), (10.9, 137.7, 3), (11.1, 136.9, 3), (11.2, 136.2, 3), (11.2, 135.6, 3), (11.3, 135.0, 3), (11.5, 134.4, 3), (11.6, 133.8, 3), (11.6, 133.3, 3), (11.7, 132.9, 3), (11.7, 132.5, 3), (11.7, 132.0, 3), (11.6, 131.6, 3), (11.6, 131.3, 3), (11.6, 131.0, 3), (11.5, 130.5, 3), (11.4, 129.9, 3), (11.3, 129.2, 3), (11.2, 128.5, 3), (11.1, 127.9, 3), (11.1, 127.4, 3), (11.3, 127.0, 3), (11.5, 126.6, 3), (11.7, 126.1, 3), (11.9, 125.7, 3), (12.1, 125.4, 3), (12.3, 125.1, 3), (12.5, 124.7, 3), (12.8, 124.3, 3), (13.2, 123.8, 3), (13.5, 123.4, 3), (13.7, 123.2, 3), (13.9, 123.1, 3), (14.3, 122.9, 3), (14.9, 122.8, 3), (15.6, 122.7, 3), (16.4, 122.6, 3)]",MEKKHALA
2015038N08158,"[(9.8, 157.8, 0), (10.1, 157.7, 3), (10.4, 157.6, 3), (10.7, 157.6, 3), (11.0, 157.6, 3), (11.3, 157.6, 3), (11.5, 157.6, 3), (11.8, 157.5, 3), (12.0, 157.4, 3), (12.1, 157.3, 3), (12.1, 157.2, 3), (12.1, 157.1, 3), (12.1, 157.0, 3), (12.1, 156.8, 3), (12.1, 156.7, 3), (12.1, 156.6, 3), (12.2, 156.5, 3), (12.3, 156.4, 3), (12.4, 156.2, 3), (12.5, 156.0, 3), (12.6, 155.8, 3), (12.8, 155.6, 3), (13.0, 155.3, 3), (13.3, 155.0, 3), (13.6, 154.7, 3), (13.9, 154.4, 3), (14.2, 154.2, 3), (14.5, 154.1, 3), (14.7, 154.0, 3), (14.9, 153.8, 3), (15.0, 153.5, 3), (15.1, 153.3, 3), (15.2, 153.1, 3), (15.4, 152.9, 3), (15.6, 152.8, 3), (15.8, 152.6, 3), (16.1, 152.5, 3), (16.4, 152.4, 3), (16.6, 152.3, 3)]",HIGOS
2015069N04173,"[(6.5, 170.2, 0), (6.6, 170.0, 3), (6.7, 169.8, 3), (6.7, 169.4, 3), (6.7, 169.0, 3), (6.9, 168.6, 3), (7.1, 168.2, 3), (7.3, 167.8, 3), (7.5, 167.4, 3), (7.7, 166.8, 3), (7.9, 166.1, 3), (8.1, 165.1, 3), (8.3, 164.1, 3), (8.4, 163.3, 3), (8.5, 162.6, 3), (8.7, 161.7, 3), (8.9, 160.9, 3), (9.0, 160.2, 3), (9.1, 159.6, 3), (9.3, 159.0, 3), (9.7, 158.4, 3), (10.1, 157.8, 3), (10.7, 157.0, 3), (11.4, 156.0, 3), (12.0, 155.1, 3), (12.4, 154.4, 3), (12.7, 153.8, 3), (13.0, 152.9, 3), (13.2, 151.9, 3), (13.5, 150.9, 3), (13.7, 150.0, 3), (13.8, 149.2, 3), (13.9, 148.5, 3), (14.0, 147.8, 3), (13.9, 147.0, 3), (13.7, 146.0, 3), (13.4, 144.9, 3), (13.3, 143.9, 3), (13.2, 143.0, 3), (13.2, 142.0, 3), (13.3, 141.1, 3), (13.6, 140.4, 3), (13.9, 139.8, 3), (14.2, 139.4, 3), (14.4, 139.0, 3), (14.6, 138.3, 3), (14.8, 137.5, 3), (15.0, 136.8, 3), (15.1, 136.3, 3), (15.2, 135.9, 3), (15.3, 135.5, 3), (15.3, 135.0, 3), (15.4, 134.5, 3), (15.5, 134.0, 3), (15.6, 133.4, 3)]",BAVI
2015085N06162,"[(6.9, 157.9, 0), (7.0, 157.6, 3), (7.1, 157.3, 3), (7.2, 157.1, 3), (7.4, 156.8, 3), (7.5, 156.5, 3), (7.6, 156.2, 3), (7.6, 155.7, 3), (7.5, 155.2, 3), (7.4, 154.8, 3), (7.4, 154.5, 3), (7.4, 154.1, 3), (7.4, 153.7, 3), (7.4, 153.4, 3), (7.4, 153.1, 3), (7.4, 152.6, 3), (7.5, 152.0, 3), (7.6, 151.5, 3), (7.7, 150.9, 3), (7.8, 150.3, 3), (7.9, 149.7, 3), (8.0, 149.0, 3), (8.1, 148.2, 3), (8.3, 147.5, 3), (8.5, 146.8, 3), (8.7, 146.3, 3), (8.8, 145.9, 3), (8.9, 145.4, 3), (9.0, 144.9, 3), (9.2, 144.4, 3), (9.4, 143.8, 3), (9.6, 143.2, 3), (9.7, 142.5, 3), (9.9, 141.9, 3), (10.0, 141.3, 3), (10.1, 140.6, 3), (10.2, 139.9, 3), (10.2, 139.3, 3), (10.3, 138.7, 3), (10.5, 138.2, 3), (10.7, 137.7, 3), (10.9, 137.1, 3), (11.2, 136.6, 3), (11.5, 136.1, 3), (11.7, 135.7, 3), (11.9, 135.2, 3), (12.1, 134.7, 3), (12.2, 134.3, 3), (12.4, 134.0, 3), (12.6, 133.7, 3), (12.8, 133.4, 3), (13.0, 133.0, 3), (13.2, 132.5, 3), (13.4, 132.2, 3), (13.6, 131.9, 3), (13.8, 131.5, 3), (13.9, 131.1, 3), (14.0, 130.6, 3), (14.0, 130.0, 3), (14.0, 129.5, 3), (14.1, 129.0, 3), (14.2, 128.5, 3), (14.3, 127.9, 3), (14.4, 127.2, 3), (14.6, 126.5, 3), (14.8, 125.7, 3), (15.0, 125.0, 3), (15.3, 124.4, 3), (15.6, 123.9, 3), (15.8, 123.5, 3), (16.0, 123.1, 3), (16.1, 122.9, 3), (16.4, 122.6, 3), (17.3, 121.9, 3), (18.5, 121.0, 3)]",MAYSAK
2015092N06161,"[(8.5, 152.8, 0), (8.7, 152.6, 3), (8.8, 152.4, 3), (8.9, 152.1, 3), (8.9, 151.9, 3), (8.9, 151.7, 3), (8.9, 151.6, 3), (8.9, 151.4, 3), (8.9, 151.2, 3), (8.9, 151.0, 3), (8.9, 150.9, 3), (8.9, 150.8, 3), (9.0, 150.7, 3), (9.0, 150.6, 3), (9.0, 150.5, 3), (9.0, 150.4, 3), (9.0, 150.3, 3)]",HAISHEN
2015122N07144,"[(7.6, 142.9, 0), (7.6, 142.6, 3), (7.7, 142.4, 3), (7.8, 142.2, 3), (7.9, 142.0, 3), (8.1, 141.9, 3), (8.3, 141.8, 3), (8.6, 141.6, 3), (8.9, 141.3, 3), (9.1, 141.0, 3), (9.3, 140.8, 3), (9.4, 140.6, 3), (9.5, 140.4, 3), (9.6, 140.2, 3), (9.6, 140.0, 3), (9.6, 139.8, 3), (9.6, 139.7, 3), (9.6, 139.6, 3), (9.6, 139.5, 3), (9.6, 139.4, 3), (9.6, 139.2, 3), (9.6, 139.1, 3), (9.6, 138.9, 3), (9.6, 138.8, 3), (9.5, 138.6, 3), (9.4, 138.5, 3), (9.4, 138.3, 3), (9.4, 138.1, 3), (9.4, 137.8, 3), (9.5, 137.4, 3), (9.6, 136.9, 3), (9.7, 136.4, 3), (9.9, 136.0, 3), (10.0, 135.6, 3), (10.1, 135.2, 3), (10.3, 134.8, 3), (10.6, 134.3, 3), (11.0, 133.7, 3), (11.3, 133.1, 3), (11.5, 132.6, 3), (11.6, 132.2, 3), (11.6, 131.8, 3), (11.7, 131.3, 3), (11.9, 130.8, 3), (12.1, 130.3, 3), (12.3, 129.7, 3), (12.6, 129.1, 3), (12.9, 128.6, 3), (13.3, 128.1, 3), (13.6, 127.5, 3), (13.8, 127.0, 3), (14.1, 126.5, 3), (14.4, 126.0, 3), (14.7, 125.6, 3), (14.9, 125.3, 3), (15.1, 124.9, 3), (15.4, 124.6, 3), (15.7, 124.2, 3), (16.1, 123.9, 3), (16.5, 123.6, 3), (17.0, 123.3, 3), (17.4, 123.0, 3), (17.8, 122.7, 3), (18.2, 122.5, 3), (18.6, 122.4, 3), (19.1, 122.2, 3), (19.7, 122.0, 3), (20.2, 121.9, 3), (20.6, 122.0, 3), (21.0, 122.1, 3), (21.6, 122.3, 3), (22.3, 122.8, 3), (23.2, 123.5, 3), (24.1, 124.3, 3), (25.2, 125.4, 3), (26.7, 126.9, 3), (28.2, 128.6, 3), (29.5, 130.5, 3), (30.7, 132.4, 3)]",NOUL
2015127N04158,"[(4.4, 159.0, 0), (4.3, 159.0, 3), (4.2, 159.0, 3), (4.1, 159.1, 3), (4.0, 159.4, 3), (3.9, 159.8, 3), (3.7, 160.1, 3), (3.5, 160.2, 3), (3.4, 160.3, 3), (3.3, 160.6, 3), (3.2, 160.9, 3), (3.2, 161.2, 3), (3.2, 161.4, 3), (3.4, 161.7, 3), (3.6, 162.0, 3), (3.7, 162.1, 3), (3.8, 162.2, 3), (3.9, 162.4, 3), (4.0, 162.5, 3), (4.1, 162.6, 3), (4.3, 162.6, 3), (4.4, 162.6, 3), (4.6, 162.5, 3), (4.8, 162.4, 3), (5.1, 162.1, 3), (5.3, 161.7, 3), (5.6, 161.2, 3), (6.0, 160.6, 3), (6.4, 160.1, 3), (6.6, 160.0, 3), (6.8, 160.1, 3), (7.2, 160.2, 3), (7.7, 160.2, 3), (8.0, 160.2, 3), (8.3, 160.1, 3), (8.7, 160.0, 3), (9.1, 159.9, 3), (9.5, 159.8, 3), (9.8, 159.8, 3), (10.0, 159.7, 3), (10.1, 159.6, 3), (10.2, 159.4, 3), (10.2, 159.1, 3), (10.2, 158.9, 3), (10.1, 158.6, 3), (10.1, 158.3, 3), (10.1, 158.0, 3), (10.1, 157.7, 3), (10.0, 157.5, 3), (9.9, 157.3, 3), (9.9, 157.0, 3), (10.0, 156.6, 3), (10.1, 156.2, 3), (10.2, 155.8, 3), (10.3, 155.4, 3), (10.4, 154.9, 3), (10.6, 154.3, 3), (10.7, 153.9, 3), (10.9, 153.5, 3), (11.2, 152.9, 3), (11.5, 152.2, 3), (11.8, 151.7, 3), (12.0, 151.1, 3), (12.2, 150.4, 3), (12.4, 149.7, 3), (12.5, 149.0, 3), (12.7, 148.3, 3), (13.0, 147.5, 3), (13.3, 146.8, 3), (13.5, 146.2, 3), (13.7, 145.7, 3), (13.9, 145.3, 3), (14.1, 144.8, 3), (14.4, 144.2, 3), (14.7, 143.5, 3), (14.9, 143.0, 3), (15.2, 142.5, 3), (15.5, 142.0, 3), (15.8, 141.5, 3), (16.1, 141.1, 3), (16.5, 140.7, 3), (16.9, 140.2, 3), (17.2, 139.8, 3), (17.5, 139.4, 3), (17.9, 139.1, 3), (18.3, 138.8, 3), (18.7, 138.6, 3), (19.0, 138.5, 3), (19.3, 138.5, 3), (19.6, 138.5, 3), (20.0, 138.5, 3), (20.4, 138.4, 3), (20.8, 138.3, 3), (21.1, 138.2, 3), (21.5, 138.2, 3), (21.9, 138.3, 3), (22.3, 138.4, 3), (22.7, 138.5, 3), (23.1, 138.7, 3), (23.5, 138.9, 3), (23.9, 139.2, 3), (24.2, 139.5, 3), (24.5, 139.8, 3), (25.1, 140.3, 3), (25.7, 140.9, 3), (26.3, 141.5, 3), (26.9, 142.1, 3), (27.5, 142.9, 3), (28.3, 143.8, 3), (29.2, 144.9, 3), (30.2, 146.0, 3), (31.3, 146.9, 3), (32.8, 148.1, 3), (34.9, 150.1, 3), (37.4, 152.6, 3)]",DOLPHIN
2015171N15112,"[(15.2, 112.0, 0), (15.2, 111.8, 3), (15.2, 111.6, 3), (15.2, 111.5, 3), (15.3, 111.5, 3), (15.4, 111.5, 3), (15.6, 111.5, 3), (16.0, 111.5, 3), (16.4, 111.4, 3), (16.6, 111.4, 3), (16.7, 111.4, 3), (16.9, 111.4, 3), (17.1, 111.3, 3), (17.3, 111.3, 3), (17.5, 111.3, 3), (18.0, 111.1, 3), (18.5, 110.9, 3), (18.7, 110.7, 3), (18.8, 110.5, 3), (18.9, 110.2, 3), (19.1, 109.9, 3), (19.4, 109.6, 3), (19.7, 109.3, 3), (19.7, 108.9, 3), (19.7, 108.5, 3), (19.8, 108.1, 3), (19.9, 107.7, 3), (20.0, 107.5, 3), (20.1, 107.3, 3), (20.2, 107.2, 3), (20.3, 107.1, 3), (20.5, 107.0, 3), (20.8, 106.9, 3), (21.1, 106.7, 3), (21.3, 106.5, 3), (21.4, 106.4, 3), (21.4, 106.4, 3)]",KUJIRA
2015180N09160,"[(9.1, 161.1, 0), (9.3, 160.7, 3), (9.5, 160.4, 3), (9.6, 160.1, 3), (9.7, 159.8, 3), (9.8, 159.6, 3), (10.0, 159.1, 3), (10.4, 158.1, 3), (10.8, 157.1, 3), (10.9, 156.6, 3), (10.9, 156.3, 3), (10.9, 155.9, 3), (11.0, 155.5, 3), (11.1, 155.1, 3), (11.1, 154.5, 3), (11.0, 153.5, 3), (10.9, 152.3, 3), (10.8, 151.3, 3), (10.7, 150.5, 3), (10.4, 149.7, 3), (10.2, 149.0, 3), (10.1, 148.7, 3), (10.1, 148.5, 3), (10.2, 148.1, 3), (10.3, 147.9, 3), (10.5, 148.1, 3), (10.7, 148.4, 3), (10.8, 148.5, 3), (11.0, 148.6, 3), (11.4, 148.8, 3), (11.8, 148.8, 3), (12.2, 148.5, 3), (12.6, 148.1, 3), (13.0, 147.6, 3), (13.3, 147.1, 3), (13.5, 146.6, 3), (13.7, 146.2, 3), (13.8, 145.9, 3), (13.8, 145.7, 3), (13.9, 145.5, 3), (14.0, 145.3, 3), (14.0, 145.2, 1), (14.0, 145.2, 1), (13.9, 145.1, 1), (13.9, 145.1, 1), (13.9, 145.0, 1), (14.0, 144.9, 1), (14.6, 144.5, 3), (15.2, 144.0, 3), (15.5, 143.5, 3), (15.7, 143.1, 3), (15.9, 142.7, 3), (16.2, 142.3, 3), (16.6, 141.6, 3), (17.0, 140.8, 3), (17.3, 140.2, 3), (17.5, 139.6, 3), (17.6, 139.1, 3), (17.6, 138.7, 3), (17.7, 138.2, 3), (17.8, 137.6, 3), (18.1, 137.0, 3), (18.4, 136.3, 3), (18.6, 135.7, 3), (18.7, 135.2, 3), (18.9, 134.7, 3), (19.1, 134.3, 3), (19.3, 134.0, 3), (19.5, 133.6, 3), (19.9, 133.1, 3), (20.4, 132.6, 3), (20.7, 132.2, 3), (21.0, 131.7, 3), (21.4, 131.2, 3), (21.8, 130.6, 3), (22.1, 130.0, 3), (22.5, 129.5, 3), (22.9, 129.0, 3), (23.3, 128.6, 3), (23.7, 128.1, 3), (24.2, 127.6, 3), (24.7, 127.1, 3), (25.1, 126.6, 3), (25.4, 126.1, 3), (25.7, 125.6, 3), (26.1, 125.1, 3), (26.6, 124.7, 3), (27.0, 124.3, 3), (27.3, 124.0, 3), (27.5, 123.6, 3), (27.8, 123.3, 3), (28.2, 123.0, 3), (28.7, 122.8, 3), (29.1, 122.6, 3), (29.5, 122.5, 3), (29.9, 122.6, 3), (30.4, 122.8, 3), (30.9, 123.0, 3), (31.6, 123.2, 3), (32.3, 123.4, 3), (33.1, 123.6, 3), (34.0, 123.8, 3), (34.9, 124.1, 3), (35.8, 124.4, 3), (36.8, 124.6, 3), (37.5, 124.8, 3), (38.0, 125.1, 3), (38.7, 125.8, 3), (40.0, 127.0, 3), (42.1, 129.4, 3)]",CHAN-HOM
2015183N13130,"[(13.2, 129.9, 0), (13.5, 129.8, 3), (13.8, 129.7, 3), (14.0, 129.5, 3), (14.2, 129.3, 3), (14.4, 128.9, 3), (14.6, 128.5, 3), (14.8, 128.1, 3), (14.9, 127.6, 3), (15.0, 127.1, 3), (15.1, 126.6, 3), (15.2, 126.3, 3), (15.2, 126.1, 3), (15.2, 125.7, 3), (15.3, 125.4, 3), (15.4, 125.1, 3), (15.5, 124.9, 3), (15.7, 124.7, 3), (15.9, 124.5, 3), (16.2, 124.2, 3), (16.5, 123.9, 3), (16.8, 123.6, 3), (17.0, 123.3, 3), (17.2, 122.9, 3), (17.3, 122.5, 3), (17.4, 122.3, 3), (17.5, 121.9, 3), (17.8, 121.2, 3), (18.0, 120.4, 3), (18.0, 120.0, 3), (17.9, 119.8, 3), (18.0, 119.6, 3), (18.2, 119.5, 3), (18.4, 119.4, 3), (18.7, 119.3, 3), (19.0, 119.3, 3), (19.2, 119.3, 3), (19.4, 119.3, 3), (19.5, 119.3, 3), (19.6, 119.3, 3), (19.8, 119.2, 3), (20.0, 119.1, 3), (20.2, 118.9, 3), (20.4, 118.8, 3), (20.5, 118.8, 3), (20.6, 118.8, 3), (20.8, 118.8, 3), (21.1, 118.8, 3), (21.3, 118.7, 3), (21.4, 118.7, 3), (21.5, 118.7, 3), (21.7, 118.7, 3), (21.9, 118.6, 3), (22.1, 118.5, 3), (22.2, 118.3, 3), (22.4, 118.0, 3), (22.5, 117.7, 3), (22.5, 117.4, 3), (22.6, 117.0, 3), (22.8, 116.4, 3), (22.9, 115.7, 3), (23.0, 115.1, 3), (22.9, 114.4, 3), (22.7, 113.6, 3), (22.4, 112.7, 3), (22.0, 111.9, 3), (21.5, 111.2, 3)]",LINFA
2015184N08172,"[(7.7, 172.3, 0), (8.0, 172.1, 3), (8.3, 171.9, 3), (8.6, 171.7, 3), (9.0, 171.5, 3), (9.4, 171.2, 3), (9.7, 170.9, 3), (9.9, 170.5, 3), (10.2, 170.0, 3), (10.6, 169.5, 3), (10.9, 168.9, 3), (11.1, 168.1, 3), (11.1, 167.2, 3), (11.1, 166.5, 3), (11.1, 166.0, 3), (11.1, 165.5, 3), (11.1, 165.0, 3), (11.1, 164.6, 3), (11.2, 164.0, 3), (11.3, 163.1, 3), (11.3, 162.3, 3), (11.3, 161.8, 3), (11.3, 161.4, 3), (11.5, 160.7, 3), (11.7, 159.9, 3), (11.8, 159.4, 3), (11.8, 158.9, 3), (11.9, 158.4, 3), (12.1, 157.9, 3), (12.3, 157.4, 3), (12.6, 156.8, 3), (12.9, 156.1, 3), (13.1, 155.5, 3), (13.3, 155.0, 3), (13.6, 154.5, 3), (13.9, 154.0, 3), (14.3, 153.4, 3), (14.7, 152.8, 3), (15.0, 152.2, 3), (15.2, 151.5, 3), (15.3, 150.8, 3), (15.3, 150.3, 3), (15.4, 149.9, 3), (15.7, 149.5, 3), (16.0, 149.1, 3), (16.3, 148.5, 3), (16.5, 147.9, 3), (16.7, 147.4, 3), (17.0, 146.9, 3), (17.3, 146.4, 3), (17.6, 145.9, 3), (17.8, 145.2, 3), (18.0, 144.5, 3), (18.1, 144.0, 3), (18.2, 143.6, 3), (18.2, 143.1, 3), (18.2, 142.7, 3), (18.3, 142.3, 3), (18.4, 141.9, 3), (18.3, 141.6, 3), (18.2, 141.3, 3), (18.2, 141.0, 3), (18.3, 140.7, 3), (18.3, 140.3, 3), (18.3, 140.0, 3), (18.3, 139.7, 3), (18.3, 139.5, 3), (18.3, 139.3, 3), (18.4, 139.0, 3), (18.4, 138.6, 3), (18.4, 138.3, 3), (18.4, 138.1, 3), (18.4, 137.9, 3), (18.4, 137.7, 3), (18.5, 137.6, 3), (18.6, 137.5, 3), (18.8, 137.5, 3), (19.0, 137.4, 3), (19.2, 137.3, 3), (19.4, 137.2, 3), (19.6, 137.2, 3), (20.0, 137.2, 3), (20.5, 137.1, 3), (21.0, 137.0, 3), (21.4, 136.9, 3), (21.8, 136.7, 3), (22.2, 136.6, 3), (22.5, 136.6, 3), (22.9, 136.6, 3), (23.3, 136.6, 3), (23.7, 136.6, 3), (24.0, 136.6, 3), (24.4, 136.6, 3), (24.9, 136.5, 3), (25.5, 136.3, 3), (26.0, 136.3, 3), (26.5, 136.3, 3), (27.0, 136.2, 3), (27.6, 136.0, 3), (28.2, 135.9, 3), (28.9, 135.7, 3), (29.5, 135.5, 3), (30.0, 135.2, 3), (30.5, 134.9, 3), (31.0, 134.7, 3), (31.4, 134.6, 3), (31.9, 134.5, 3), (32.4, 134.5, 3), (33.0, 134.4, 3), (33.3, 134.2, 2), (33.5, 134.1, 1), (34.0, 133.8, 3), (34.6, 133.6, 3), (35.1, 133.5, 3), (35.5, 133.5, 3), (35.8, 133.7, 3), (36.2, 134.0, 3), (36.6, 134.5, 3), (37.0, 135.0, 3), (37.4, 135.6, 3)]",NANGKA
2015188N08194,"[(13.1, 179.9, 0), (13.3, 179.3, 3), (13.5, 178.7, 3), (13.7, 178.3, 3), (14.0, 177.9, 3), (14.3, 177.3, 3), (14.6, 176.7, 3), (14.8, 176.1, 3), (15.1, 175.5, 3), (15.5, 174.9, 3), (15.9, 174.3, 3), (16.2, 173.8, 3), (16.5, 173.2, 3), (16.7, 172.5, 3), (16.8, 171.9, 3), (16.9, 171.5, 3), (17.0, 171.1, 3), (17.2, 170.5, 3), (17.4, 169.8, 3), (17.5, 169.2, 3), (17.7, 168.6, 3), (18.0, 168.1, 3), (18.2, 167.7, 3), (18.3, 167.2, 3), (18.4, 166.7, 3), (18.5, 166.2, 3), (18.5, 165.6, 3), (18.5, 164.8, 3), (18.5, 163.9, 3), (18.6, 162.9, 3), (18.6, 162.1, 3), (18.6, 161.6, 3), (18.5, 161.1, 3), (18.5, 160.3, 3), (18.5, 159.5, 3), (18.5, 159.0, 3), (18.4, 158.6, 3), (18.3, 158.2, 3), (18.3, 157.7, 3), (18.2, 157.0, 3), (18.2, 156.4, 3), (18.2, 156.0, 3), (18.2, 155.5, 3), (18.2, 154.9, 3), (18.2, 154.2, 3), (18.2, 153.7, 3), (18.2, 153.3, 3), (18.4, 152.8, 3), (18.7, 152.3, 3), (19.0, 151.9, 3), (19.3, 151.5, 3), (19.6, 151.0, 3), (19.9, 150.5, 3), (20.2, 150.1, 3), (20.4, 149.8, 3), (20.6, 149.3, 3), (20.9, 148.8, 3), (21.2, 148.2, 3), (21.4, 147.6, 3), (21.6, 147.0, 3), (21.7, 146.4, 3), (21.9, 145.8, 3), (22.1, 145.2, 3), (22.2, 144.6, 3), (22.3, 144.1, 3), (22.4, 143.5, 3), (22.6, 142.9, 3), (22.8, 142.3, 3), (22.9, 141.7, 3), (23.0, 141.1, 3), (23.1, 140.6, 3), (23.2, 140.1, 3), (23.3, 139.6, 3), (23.5, 139.0, 3), (23.6, 138.5, 3), (23.7, 138.1, 3), (23.8, 137.7, 3), (24.0, 137.3, 3), (24.2, 136.9, 3), (24.3, 136.4, 3), (24.4, 135.9, 3), (24.5, 135.5, 3), (24.6, 135.1, 3), (24.6, 134.7, 3), (24.5, 134.3, 3), (24.5, 133.8, 3), (24.6, 133.4, 3), (24.7, 133.1, 3), (24.8, 132.7, 3), (24.8, 132.2, 3), (24.8, 131.8, 3), (24.9, 131.4, 3), (25.0, 131.1, 3), (25.2, 130.8, 3), (25.5, 130.6, 3), (25.8, 130.3, 3), (26.2, 130.0, 3), (26.7, 129.7, 3), (27.3, 129.5, 3), (27.9, 129.3, 3), (28.5, 129.2, 3), (29.1, 129.2, 3), (29.6, 129.2, 3), (30.3, 129.3, 3), (30.9, 129.3, 3), (31.5, 129.3, 3), (32.1, 129.3, 3), (32.8, 129.7, 3), (33.0, 129.8, 1), (33.5, 130.1, 2)]",HALOLA
2015211N13162,"[(13.7, 160.7, 0), (13.7, 160.3, 3), (13.7, 159.9, 3), (13.6, 159.6, 3), (13.6, 159.3, 3), (13.6, 158.9, 3), (13.6, 158.4, 3), (13.6, 158.0, 3), (13.5, 157.6, 3), (13.4, 157.1, 3), (13.4, 156.6, 3), (13.4, 156.2, 3), (13.4, 155.8, 3), (13.5, 155.2, 3), (13.5, 154.5, 3), (13.5, 153.9, 3), (13.5, 153.3, 3), (13.7, 152.5, 3), (13.9, 151.8, 3), (14.1, 151.3, 3), (14.2, 150.8, 3), (14.3, 150.3, 3), (14.4, 149.7, 3), (14.5, 149.0, 3), (14.6, 148.2, 3), (14.7, 147.5, 3), (14.9, 146.9, 3), (15.0, 146.4, 3), (15.1, 145.9, 3), (15.3, 145.4, 3), (15.6, 145.0, 3), (15.9, 144.5, 3), (16.2, 144.0, 3), (16.6, 143.5, 3), (16.9, 143.0, 3), (17.2, 142.5, 3), (17.4, 141.9, 3), (17.6, 141.4, 3), (17.8, 140.8, 3), (18.0, 140.2, 3), (18.3, 139.6, 3), (18.5, 138.9, 3), (18.7, 138.3, 3), (18.8, 137.7, 3), (18.9, 137.2, 3), (19.1, 136.7, 3), (19.3, 136.2, 3), (19.4, 135.6, 3), (19.5, 134.9, 3), (19.7, 134.3, 3), (19.9, 133.7, 3), (20.0, 133.1, 3), (20.1, 132.6, 3), (20.1, 132.1, 3), (20.1, 131.5, 3), (20.3, 130.8, 3), (20.5, 130.2, 3), (20.7, 129.7, 3), (20.9, 129.3, 3), (21.1, 128.8, 3), (21.2, 128.2, 3), (21.3, 127.5, 3), (21.5, 126.8, 3), (21.7, 126.3, 3), (21.9, 125.8, 3), (22.1, 125.3, 3), (22.4, 124.8, 3), (22.6, 124.3, 3), (22.9, 123.8, 3), (23.3, 123.2, 3), (23.7, 122.6, 3), (24.0, 122.0, 3), (24.2, 121.4, 3), (24.2, 120.7, 3), (24.2, 120.0, 3), (24.4, 119.7, 3), (24.7, 119.4, 3), (25.0, 118.9, 3), (25.3, 118.4, 3), (25.5, 118.0, 3), (25.7, 117.6, 3), (26.1, 117.3, 3), (26.6, 117.0, 3), (27.1, 116.7, 3), (27.6, 116.5, 3), (28.1, 116.5, 3), (28.5, 116.7, 3)]",SOUDELOR
2015218N18149,"[(19.0, 149.0, 0), (19.4, 148.9, 3), (19.7, 148.8, 3), (20.0, 148.6, 3), (20.4, 148.4, 3), (20.9, 148.2, 3), (21.4, 147.9, 3), (22.0, 147.6, 3), (22.6, 147.3, 3), (23.1, 147.0, 3), (23.6, 146.6, 3), (24.3, 146.3, 3), (24.9, 145.9, 3), (25.4, 145.3, 3), (25.8, 144.7, 3), (26.0, 144.1, 3), (26.2, 143.5, 3), (26.4, 142.8, 3), (26.5, 142.1, 3), (26.7, 141.7, 3), (26.9, 141.5, 3), (27.0, 141.2, 3), (27.2, 140.9, 3), (27.5, 140.8, 3), (27.9, 140.7, 3), (28.3, 140.6, 3), (28.6, 140.6, 3), (28.9, 140.5, 3), (29.2, 140.5, 3), (29.4, 140.5, 3), (29.7, 140.5, 3), (30.1, 140.6, 3), (30.4, 140.7, 3), (30.6, 140.9, 3), (30.8, 141.2, 3), (31.0, 141.5, 3), (31.2, 141.9, 3), (31.3, 142.2, 3), (31.5, 142.6, 3), (31.7, 143.0, 3), (32.0, 143.5, 3), (32.2, 144.0, 3), (32.5, 144.5, 3), (32.8, 145.1, 3), (33.0, 145.7, 3), (33.3, 146.2, 3), (33.5, 146.8, 3), (33.7, 147.5, 3), (33.9, 148.3, 3), (34.0, 149.2, 3), (34.0, 150.0, 3), (34.0, 150.7, 3), (34.2, 151.5, 3), (34.5, 152.4, 3), (35.0, 153.4, 3), (35.5, 154.3, 3), (35.9, 155.2, 3), (36.3, 156.1, 3), (36.6, 157.0, 3), (36.9, 158.1, 3), (37.1, 159.3, 3), (37.2, 160.6, 3), (37.3, 161.9, 3)]",MOLAVE
2015226N12151,"[(12.1, 150.8, 0), (12.2, 150.5, 3), (12.2, 150.3, 3), (12.2, 150.1, 3), (12.3, 149.8, 3), (12.4, 149.4, 3), (12.6, 149.0, 3), (12.8, 148.6, 3), (13.0, 148.2, 3), (13.2, 147.8, 3), (13.5, 147.4, 3), (13.7, 147.0, 3), (13.9, 146.6, 3), (14.1, 146.2, 3), (14.3, 145.9, 3), (14.4, 145.6, 3), (14.5, 145.3, 3), (14.6, 145.0, 3), (14.7, 144.7, 3), (14.9, 144.4, 3), (15.1, 144.1, 3), (15.3, 143.8, 3), (15.5, 143.5, 3), (15.7, 143.2, 3), (16.0, 142.8, 3), (16.3, 142.3, 3), (16.5, 141.7, 3), (16.8, 141.1, 3), (17.0, 140.5, 3), (17.2, 139.9, 3), (17.3, 139.2, 3), (17.5, 138.4, 3), (17.7, 137.6, 3), (18.0, 136.8, 3), (18.2, 136.1, 3), (18.4, 135.4, 3), (18.5, 134.6, 3), (18.6, 133.8, 3), (18.7, 132.9, 3), (18.8, 132.0, 3), (18.8, 131.2, 3), (18.8, 130.5, 3), (18.8, 129.8, 3), (18.8, 129.1, 3), (18.9, 128.4, 3), (18.9, 127.8, 3), (18.9, 127.2, 3), (18.9, 126.6, 3), (18.9, 126.1, 3), (18.9, 125.7, 3), (18.9, 125.3, 3), (18.9, 125.0, 3), (18.9, 124.7, 3), (18.9, 124.4, 3), (19.0, 124.0, 3), (19.1, 123.6, 3), (19.1, 123.2, 3), (19.1, 123.0, 3), (19.1, 122.8, 3), (19.2, 122.6, 3), (19.3, 122.4, 3), (19.3, 122.4, 3), (19.3, 122.4, 3), (19.4, 122.4, 3), (19.6, 122.5, 3), (19.8, 122.6, 3), (20.0, 122.6, 3), (20.3, 122.6, 3), (20.7, 122.7, 3), (21.0, 122.8, 3), (21.4, 123.0, 3), (21.8, 123.1, 3), (22.3, 123.1, 3), (22.8, 123.1, 3), (23.2, 123.2, 3), (23.5, 123.3, 3), (23.8, 123.5, 3), (24.1, 123.7, 3), (24.3, 123.8, 1), (24.5, 124.0, 2), (24.8, 124.3, 3), (25.2, 124.7, 3), (25.6, 125.2, 3), (26.2, 125.9, 3), (27.0, 126.6, 3), (27.9, 127.4, 3), (28.7, 128.1, 3), (29.6, 128.9, 3), (30.6, 129.5, 3), (31.6, 130.0, 3), (32.0, 130.2, 1), (32.5, 130.4, 1), (32.9, 130.5, 1), (33.9, 130.6, 3), (34.6, 130.7, 3), (35.3, 131.1, 3), (35.8, 131.6, 3), (36.6, 132.0, 3), (37.2, 132.3, 3), (38.0, 132.4, 3), (38.8, 132.5, 3)]",GONI
2015226N15164,"[(15.0, 163.0, 0), (15.0, 162.8, 3), (14.9, 162.7, 3), (14.8, 162.6, 3), (14.8, 162.5, 3), (14.8, 162.4, 3), (14.8, 162.3, 3), (14.8, 162.1, 3), (14.8, 161.9, 3), (14.9, 161.8, 3), (15.0, 161.7, 3), (15.0, 161.5, 3), (14.9, 161.3, 3), (14.8, 161.2, 3), (14.6, 161.0, 3), (14.5, 160.7, 3), (14.4, 160.3, 3), (14.4, 160.1, 3), (14.4, 159.9, 3), (14.3, 159.7, 3), (14.3, 159.5, 3), (14.3, 159.4, 3), (14.4, 159.2, 3), (14.6, 159.0, 3), (14.8, 158.7, 3), (14.9, 158.4, 3), (15.1, 158.1, 3), (15.4, 157.6, 3), (15.6, 157.1, 3), (15.8, 156.6, 3), (15.9, 156.2, 3), (16.1, 155.8, 3), (16.3, 155.5, 3), (16.6, 155.2, 3), (17.0, 154.9, 3), (17.5, 154.4, 3), (18.0, 153.8, 3), (18.4, 153.3, 3), (18.7, 152.9, 3), (18.9, 152.4, 3), (19.1, 152.0, 3), (19.4, 151.6, 3), (19.7, 151.3, 3), (20.0, 150.9, 3), (20.4, 150.4, 3), (20.8, 149.9, 3), (21.2, 149.5, 3), (21.6, 149.0, 3), (22.0, 148.6, 3), (22.3, 148.2, 3), (22.6, 147.8, 3), (22.9, 147.4, 3), (23.3, 147.1, 3), (23.7, 146.8, 3), (24.1, 146.5, 3), (24.6, 146.2, 3), (25.0, 146.0, 3), (25.3, 145.8, 3), (25.6, 145.6, 3), (26.0, 145.4, 3), (26.4, 145.3, 3), (26.8, 145.1, 3), (27.1, 145.0, 3), (27.3, 144.9, 3), (27.6, 144.9, 3), (27.9, 144.9, 3), (28.3, 145.0, 3), (28.7, 145.1, 3), (29.0, 145.2, 3), (29.3, 145.3, 3), (29.6, 145.5, 3), (29.8, 145.7, 3), (30.0, 146.0, 3), (30.3, 146.3, 3), (30.6, 146.7, 3), (30.9, 147.0, 3), (31.3, 147.4, 3), (31.7, 147.8, 3), (32.0, 148.2, 3), (32.3, 148.7, 3), (32.6, 149.3, 3), (32.8, 150.0, 3), (33.0, 150.9, 3), (33.3, 151.8, 3), (33.7, 152.7, 3), (34.2, 153.7, 3), (35.0, 154.8, 3), (36.3, 156.2, 3), (38.0, 157.7, 3)]",ATSANI
2015229N08212,"[(22.9, 180.0, 0), (23.1, 180.0, 3), (23.3, 180.0, 3), (23.5, -180.0, 3), (23.7, 180.0, 3), (23.8, 179.9, 3), (24.0, 179.8, 3), (24.2, 179.7, 3), (24.4, 179.5, 3), (24.5, 179.3, 3), (24.6, 179.1, 3), (24.6, 178.8, 3), (24.6, 178.5, 3), (24.6, 178.3, 3), (24.6, 178.2, 3), (24.6, 178.0, 3), (24.5, 177.9, 3), (24.5, 177.8, 3), (24.4, 177.7, 3), (24.3, 177.5, 3), (24.2, 177.3, 3), (24.0, 177.1, 3), (23.8, 176.8, 3), (23.7, 176.5, 3), (23.6, 176.2, 3), (23.5, 176.0, 3), (23.4, 175.7, 3), (23.4, 175.3, 3), (23.4, 174.9, 3), (23.4, 174.4, 3), (23.5, 173.9, 3), (23.6, 173.4, 3), (23.6, 172.9, 3), (23.6, 172.5, 3), (23.6, 172.0, 3), (23.6, 171.3, 3), (23.7, 170.7, 3), (23.8, 170.3, 3), (23.9, 169.9, 3), (23.9, 169.4, 3), (24.0, 168.9, 3), (24.1, 168.2, 3), (24.2, 167.5, 3), (24.3, 167.0, 3), (24.4, 166.6, 3), (24.5, 166.1, 3), (24.7, 165.6, 3), (24.8, 165.1, 3), (25.0, 164.5, 3), (25.2, 163.8, 3), (25.3, 163.1, 3), (25.4, 162.5, 3), (25.6, 161.9, 3), (25.8, 161.1, 3), (26.1, 160.3, 3), (26.4, 159.5, 3), (26.7, 158.8, 3), (27.0, 158.1, 3), (27.3, 157.5, 3), (27.6, 156.7, 3), (27.9, 156.0, 3), (28.3, 155.3, 3), (28.8, 154.7, 3), (29.3, 154.1, 3), (29.8, 153.5, 3), (30.3, 153.0, 3), (30.7, 152.5, 3), (31.1, 151.7, 3), (31.6, 151.0, 3), (32.1, 150.6, 3), (32.6, 150.2, 3), (33.2, 149.6, 3), (33.8, 149.1, 3), (34.3, 148.9, 3), (34.9, 148.7, 3), (35.8, 148.4, 3), (36.7, 148.1, 3), (37.5, 147.7, 3), (38.4, 147.4, 3), (39.5, 147.3, 3), (40.6, 147.3, 3), (41.8, 147.5, 3), (42.9, 147.8, 3)]",KILO
2015249N18142,"[(20.2, 139.2, 0), (20.6, 139.2, 3), (21.1, 139.2, 3), (21.7, 139.1, 3), (22.2, 138.9, 3), (22.6, 138.8, 3), (23.0, 138.7, 3), (23.4, 138.6, 3), (23.8, 138.6, 3), (24.2, 138.5, 3), (24.8, 138.5, 3), (25.5, 138.5, 3), (26.3, 138.4, 3), (26.9, 138.2, 3), (27.5, 138.1, 3), (28.2, 138.1, 3), (29.1, 138.1, 3), (30.1, 138.3, 3), (31.2, 138.4, 3), (32.1, 138.3, 3), (33.0, 138.1, 3), (33.8, 137.6, 3), (34.6, 137.1, 3), (35.8, 136.7, 3), (36.9, 136.2, 3), (37.6, 135.6, 3), (38.0, 134.9, 3)]",ETAU
2015256N16113,"[(15.6, 112.7, 0), (15.4, 112.3, 3), (15.3, 112.0, 3), (15.2, 111.7, 3), (15.1, 111.3, 3), (15.1, 110.8, 3), (15.1, 110.3, 3), (15.2, 110.0, 3), (15.4, 109.7, 3), (15.5, 109.3, 3), (15.5, 108.8, 3), (15.5, 108.2, 3), (15.6, 107.6, 3)]",VAMCO
2015257N14152,"[(14.6, 152.5, 0), (15.0, 152.6, 3), (15.4, 152.6, 3), (15.8, 152.6, 3), (16.1, 152.5, 3), (16.4, 152.5, 3), (16.8, 152.3, 3), (17.2, 151.9, 3), (17.6, 151.5, 3), (17.8, 151.1, 3), (18.0, 150.8, 3), (18.2, 150.4, 3), (18.3, 150.0, 3), (18.4, 149.7, 3), (18.6, 149.3, 3), (18.8, 148.9, 3), (19.1, 148.4, 3), (19.4, 147.9, 3), (19.6, 147.3, 3), (19.8, 146.8, 3), (19.9, 146.4, 3), (20.1, 146.0, 3), (20.3, 145.7, 3), (20.6, 145.2, 3), (21.0, 144.8, 3), (21.3, 144.5, 3), (21.6, 144.2, 3), (22.0, 143.9, 3), (22.3, 143.5, 3), (22.6, 143.2, 3), (22.9, 142.9, 3), (23.3, 142.7, 3), (23.7, 142.5, 3), (24.2, 142.4, 3), (24.7, 142.3, 3), (25.1, 142.3, 3), (25.6, 142.3, 3), (26.2, 142.5, 3), (26.8, 142.7, 3), (27.4, 143.0, 3), (27.9, 143.3, 3), (28.4, 143.7, 3), (28.9, 144.2, 3), (29.5, 144.7, 3), (30.0, 145.2, 3), (30.5, 145.7, 3), (30.9, 146.1, 3), (31.4, 146.6, 3), (31.9, 147.1, 3), (32.4, 147.6, 3), (32.9, 148.1, 3), (33.4, 148.6, 3), (33.9, 149.2, 3), (34.5, 149.8, 3), (35.2, 150.5, 3)]",KROVANH
2015263N14148,"[(15.8, 143.0, 0), (16.0, 142.6, 3), (16.2, 142.3, 3), (16.4, 142.0, 3), (16.5, 141.6, 3), (16.7, 141.1, 3), (16.8, 140.5, 3), (16.9, 139.8, 3), (17.0, 139.1, 3), (17.2, 138.4, 3), (17.4, 137.8, 3), (17.5, 137.2, 3), (17.7, 136.7, 3), (17.9, 136.2, 3), (18.1, 135.7, 3), (18.2, 135.1, 3), (18.2, 134.6, 3), (18.2, 134.1, 3), (18.3, 133.7, 3), (18.3, 133.4, 3), (18.4, 133.2, 3), (18.5, 132.9, 3), (18.6, 132.7, 3), (18.6, 132.6, 3), (18.7, 132.5, 3), (18.8, 132.4, 3), (18.9, 132.3, 3), (19.0, 132.2, 3), (19.1, 132.0, 3), (19.2, 131.9, 3), (19.4, 131.7, 3), (19.5, 131.5, 3), (19.7, 131.3, 3), (19.9, 131.2, 3), (20.2, 131.0, 3), (20.6, 130.7, 3), (21.0, 130.3, 3), (21.3, 130.0, 3), (21.5, 129.6, 3), (21.7, 129.2, 3), (21.9, 128.8, 3), (22.0, 128.5, 3), (22.1, 128.2, 3), (22.2, 127.9, 3), (22.3, 127.5, 3), (22.4, 127.2, 3), (22.5, 126.8, 3), (22.6, 126.4, 3), (22.7, 125.9, 3), (22.8, 125.4, 3), (23.0, 124.9, 3), (23.1, 124.5, 3), (23.3, 124.0, 3), (23.6, 123.5, 3), (24.0, 122.9, 3), (24.3, 122.2, 3), (24.4, 121.5, 3), (24.3, 120.9, 3), (24.2, 120.3, 3), (24.5, 119.6, 3), (25.0, 118.9, 3), (25.2, 118.3, 3), (25.5, 117.7, 3), (25.9, 117.2, 3), (26.4, 116.8, 3)]",DUJUAN
2015273N12130,"[(14.6, 124.0, 0), (15.0, 123.2, 3), (15.3, 122.5, 3), (15.6, 121.9, 3), (15.8, 121.3, 3), (16.1, 120.7, 3), (16.4, 120.1, 3), (16.5, 119.5, 3), (16.6, 118.9, 3), (16.8, 118.3, 3), (17.0, 117.8, 3), (17.3, 117.2, 3), (17.7, 116.6, 3), (18.0, 116.0, 3), (18.3, 115.4, 3), (18.6, 114.8, 3), (18.9, 114.2, 3), (19.2, 113.7, 3), (19.4, 113.3, 3), (19.6, 112.8, 3), (19.8, 112.3, 3), (20.1, 111.9, 3), (20.5, 111.5, 3), (20.9, 111.0, 3), (21.3, 110.4, 3), (21.6, 110.0, 3), (21.9, 109.6, 3), (22.4, 109.1, 3), (22.8, 108.6, 3), (23.1, 108.3, 3), (23.4, 108.2, 3)]",MUJIGAE
2015274N17167,"[(17.4, 167.7, 0), (17.6, 167.6, 3), (17.8, 167.5, 3), (18.0, 167.3, 3), (18.1, 167.2, 3), (18.3, 167.1, 3), (18.5, 167.0, 3), (18.6, 167.0, 3), (18.7, 166.9, 3), (18.7, 166.8, 3), (18.8, 166.6, 3), (18.9, 166.4, 3), (19.1, 166.1, 3), (19.1, 165.8, 3), (19.2, 165.3, 3), (19.3, 164.6, 3), (19.5, 163.8, 3), (19.7, 163.1, 3), (19.9, 162.3, 3), (20.0, 161.3, 3), (20.2, 160.4, 3), (20.5, 159.7, 3), (20.9, 159.0, 3), (21.2, 158.2, 3), (21.4, 157.3, 3), (21.5, 156.6, 3), (21.6, 155.9, 3), (21.6, 155.3, 3), (21.7, 154.7, 3), (21.8, 154.2, 3), (22.0, 153.8, 3), (22.2, 153.3, 3), (22.4, 152.8, 3), (22.6, 152.3, 3), (22.8, 151.8, 3), (23.1, 151.4, 3), (23.4, 151.1, 3), (23.7, 150.9, 3), (24.1, 150.8, 3), (24.6, 150.7, 3), (25.2, 150.7, 3), (25.8, 150.7, 3), (26.5, 150.8, 3), (27.4, 151.0, 3), (28.5, 151.1, 3), (29.8, 151.1, 3), (31.2, 151.1, 3), (32.6, 151.0, 3), (34.1, 150.9, 3)]",CHOI-WAN
2015285N14151,"[(15.3, 145.8, 0), (15.4, 144.7, 3), (15.5, 143.5, 3), (15.7, 142.3, 3), (15.8, 141.2, 3), (15.9, 140.3, 3), (15.9, 139.5, 3), (15.9, 138.6, 3), (15.8, 137.7, 3), (15.7, 137.0, 3), (15.7, 136.3, 3), (15.6, 135.6, 3), (15.6, 135.0, 3), (15.5, 134.4, 3), (15.5, 133.9, 3), (15.4, 133.4, 3), (15.4, 132.9, 3), (15.4, 132.4, 3), (15.5, 131.8, 3), (15.5, 131.0, 3), (15.5, 130.3, 3), (15.5, 129.7, 3), (15.6, 129.2, 3), (15.6, 128.7, 3), (15.6, 128.2, 3), (15.6, 127.8, 3), (15.6, 127.5, 3), (15.5, 127.1, 3), (15.5, 126.6, 3), (15.5, 126.2, 3), (15.6, 125.8, 3), (15.6, 125.4, 3), (15.6, 125.1, 3), (15.6, 124.8, 3), (15.6, 124.5, 3), (15.7, 124.2, 3), (15.8, 123.8, 3), (15.9, 123.5, 3), (15.9, 123.1, 3), (16.0, 122.6, 3), (16.0, 122.1, 3), (16.0, 121.8, 3), (16.1, 121.5, 3), (16.2, 121.2, 3), (16.4, 120.9, 3), (16.6, 120.6, 3), (16.8, 120.4, 3), (17.0, 120.3, 3), (17.1, 120.2, 3), (17.2, 120.2, 3), (17.4, 120.2, 3), (17.6, 120.2, 3), (17.9, 120.1, 3), (18.1, 120.1, 3), (18.3, 120.1, 3), (18.5, 120.1, 3), (18.6, 120.2, 3), (18.7, 120.3, 3), (18.8, 120.4, 3), (18.9, 120.5, 3), (19.0, 120.7, 3), (19.2, 120.9, 3), (19.3, 121.2, 3), (19.4, 121.5, 3), (19.4, 121.8, 3), (19.4, 122.1, 3), (19.5, 122.3, 3), (19.6, 122.5, 3), (19.7, 122.6, 3)]",KOPPU
2015286N12163,"[(11.5, 163.1, 0), (11.9, 162.5, 3), (12.2, 161.9, 3), (12.5, 161.4, 3), (12.7, 160.9, 3), (13.0, 160.2, 3), (13.2, 159.5, 3), (13.4, 159.1, 3), (13.6, 158.7, 3), (13.9, 158.3, 3), (14.1, 157.7, 3), (14.3, 156.9, 3), (14.4, 156.1, 3), (14.5, 155.5, 3), (14.7, 154.9, 3), (14.9, 154.4, 3), (15.1, 153.8, 3), (15.3, 153.2, 3), (15.4, 152.5, 3), (15.5, 151.9, 3), (15.6, 151.2, 3), (15.7, 150.3, 3), (15.8, 149.4, 3), (15.8, 148.5, 3), (15.7, 147.7, 3), (15.6, 147.0, 3), (15.6, 146.3, 3), (15.6, 145.5, 3), (15.7, 144.8, 3), (15.9, 144.4, 3), (16.1, 144.1, 3), (16.3, 143.7, 3), (16.5, 143.3, 3), (16.7, 142.8, 3), (17.0, 142.3, 3), (17.3, 141.9, 3), (17.7, 141.5, 3), (18.0, 141.1, 3), (18.2, 140.8, 3), (18.5, 140.5, 3), (18.8, 140.3, 3), (19.0, 140.2, 3), (19.2, 140.1, 3), (19.4, 140.1, 3), (19.5, 140.1, 3), (19.6, 140.1, 3), (19.8, 140.2, 3), (20.0, 140.3, 3), (20.2, 140.3, 3), (20.4, 140.4, 3), (20.5, 140.4, 3), (20.7, 140.4, 3), (20.8, 140.3, 3), (20.9, 140.3, 3), (21.0, 140.2, 3), (21.0, 140.1, 3), (21.1, 140.1, 3), (21.2, 140.1, 3), (21.4, 140.1, 3), (21.5, 140.1, 3), (21.7, 140.1, 3), (21.9, 140.1, 3), (22.1, 140.0, 3), (22.2, 140.0, 3), (22.3, 140.0, 3), (22.4, 140.0, 3), (22.6, 140.0, 3), (22.7, 140.0, 3), (22.8, 140.1, 3), (23.0, 140.2, 3), (23.2, 140.3, 3), (23.4, 140.5, 3), (23.5, 140.7, 3), (23.6, 140.9, 3), (23.7, 141.2, 3), (23.8, 141.5, 3), (24.0, 141.8, 3), (24.1, 142.2, 3), (24.3, 142.6, 3), (24.5, 143.2, 3), (24.8, 143.8, 3), (25.0, 144.4, 3), (25.1, 145.1, 3), (25.3, 145.8, 3), (25.5, 146.5, 3), (25.7, 147.1, 3), (25.9, 147.8, 3), (26.2, 148.6, 3), (26.5, 149.3, 3), (26.8, 149.9, 3), (27.1, 150.4, 3), (27.4, 151.1, 3), (27.7, 151.9, 3), (28.0, 152.6, 3), (28.3, 153.4, 3), (28.8, 154.3, 3), (29.5, 155.3, 3), (30.1, 156.2, 3), (31.0, 157.4, 3), (32.2, 159.4, 3), (33.5, 161.8, 3)]",CHAMPI
2015321N04164,"[(4.2, 161.5, 0), (4.5, 160.6, 3), (4.8, 159.8, 3), (5.1, 159.1, 3), (5.3, 158.4, 3), (5.4, 157.8, 3), (5.5, 157.2, 3), (5.6, 156.5, 3), (5.8, 155.8, 3), (6.0, 155.2, 3), (6.3, 154.7, 3), (6.6, 154.2, 3), (7.0, 153.8, 3), (7.5, 153.3, 3), (8.0, 152.8, 3), (8.4, 152.2, 3), (8.7, 151.5, 3), (9.0, 150.9, 3), (9.2, 150.4, 3), (9.5, 149.9, 3), (9.7, 149.5, 3), (9.9, 149.1, 3), (10.0, 148.7, 3), (10.1, 148.2, 3), (10.3, 147.5, 3), (10.6, 146.8, 3), (10.8, 146.0, 3), (10.9, 145.2, 3), (11.0, 144.4, 3), (11.1, 143.6, 3), (11.2, 142.8, 3), (11.5, 142.1, 3), (11.9, 141.3, 3), (12.2, 140.5, 3), (12.4, 139.6, 3), (12.6, 138.8, 3), (12.8, 138.0, 3), (13.1, 137.3, 3), (13.5, 136.6, 3), (13.8, 135.9, 3), (14.1, 135.2, 3), (14.3, 134.6, 3), (14.5, 134.0, 3), (14.8, 133.4, 3), (15.2, 132.8, 3), (15.6, 132.3, 3), (15.9, 132.0, 3), (16.1, 131.7, 3), (16.4, 131.5, 3), (16.8, 131.4, 3), (17.2, 131.4, 3), (17.5, 131.5, 3), (17.7, 131.6, 3), (18.1, 131.8, 3), (18.4, 132.0, 3), (18.6, 132.3, 3), (18.8, 132.7, 3), (19.0, 133.1, 3), (19.1, 133.6, 3), (19.2, 134.0, 3), (19.3, 134.4, 3), (19.4, 134.6, 3), (19.5, 134.9, 3), (19.7, 135.4, 3), (19.9, 135.9, 3), (20.2, 136.4, 3), (20.6, 136.8, 3), (21.0, 137.2, 3), (21.4, 137.6, 3), (22.0, 138.0, 3), (22.6, 138.5, 3)]",IN-FA
2015344N07145,"[(7.6, 142.6, 0), (7.7, 141.6, 3), (7.9, 140.8, 3), (8.1, 140.1, 3), (8.3, 139.5, 3), (8.6, 138.8, 3), (9.0, 138.1, 3), (9.3, 137.4, 3), (9.5, 136.8, 3), (9.7, 136.2, 3), (9.9, 135.6, 3), (10.1, 135.0, 3), (10.4, 134.5, 3), (10.6, 133.9, 3), (10.8, 133.4, 3), (11.0, 132.8, 3), (11.1, 132.3, 3), (11.2, 131.8, 3), (11.4, 131.3, 3), (11.6, 130.8, 3), (11.9, 130.3, 3), (12.1, 129.7, 3), (12.3, 129.1, 3), (12.4, 128.6, 3), (12.4, 128.1, 3), (12.5, 127.5, 3), (12.5, 126.9, 3), (12.5, 126.4, 3), (12.5, 125.9, 3), (12.5, 125.3, 3), (12.6, 124.6, 3), (12.7, 124.0, 3), (12.8, 123.5, 3), (12.9, 123.0, 3), (12.9, 122.6, 3), (12.9, 122.2, 3), (13.0, 121.8, 3), (13.1, 121.5, 3), (13.3, 121.2, 3), (13.5, 120.9, 3), (13.7, 120.7, 3), (13.9, 120.5, 3), (14.0, 120.4, 3), (14.1, 120.1, 3), (14.2, 120.0, 3), (14.2, 120.2, 3), (14.0, 120.2, 3), (13.9, 120.2, 3), (13.8, 120.2, 3)]",MELOR
2016185N08145,"[(7.9, 143.7, 0), (8.0, 144.1, 3), (8.1, 144.4, 3), (8.4, 144.7, 3), (8.7, 144.8, 3), (9.0, 144.9, 3), (9.3, 144.8, 3), (9.7, 144.5, 3), (10.2, 144.1, 3), (10.7, 143.7, 3), (11.1, 143.3, 3), (11.5, 142.8, 3), (11.8, 142.3, 3), (12.1, 141.7, 3), (12.5, 141.1, 3), (12.9, 140.4, 3), (13.4, 139.7, 3), (13.8, 138.9, 3), (14.3, 138.1, 3), (14.8, 137.3, 3), (15.3, 136.5, 3), (15.8, 135.8, 3), (16.2, 135.1, 3), (16.6, 134.3, 3), (17.1, 133.5, 3), (17.6, 132.7, 3), (18.0, 131.9, 3), (18.4, 131.1, 3), (18.7, 130.2, 3), (19.1, 129.3, 3), (19.5, 128.5, 3), (19.9, 127.7, 3), (20.2, 127.0, 3), (20.5, 126.3, 3), (20.7, 125.6, 3), (21.0, 124.9, 3), (21.3, 124.3, 3), (21.5, 123.8, 3), (21.6, 123.4, 3), (21.8, 123.0, 3), (22.0, 122.6, 3), (22.2, 122.1, 3), (22.4, 121.6, 3), (22.5, 121.1, 3), (22.6, 120.9, 1), (22.7, 120.6, 2), (23.0, 120.1, 3), (23.4, 119.8, 3), (23.8, 119.6, 3), (24.1, 119.5, 3), (24.4, 119.3, 3), (24.7, 119.0, 3), (25.0, 118.8, 3), (25.2, 118.7, 3), (25.4, 118.5, 3), (25.7, 118.3, 3)]",NEPARTAK
2016205N25152,"[(27.2, 153.9, 0), (27.4, 154.6, 3), (27.7, 155.3, 3), (28.1, 155.8, 3), (28.7, 156.4, 3), (29.8, 157.3, 3), (31.1, 158.2, 3), (32.1, 158.8, 3), (33.0, 159.1, 3), (33.8, 159.2, 3), (34.7, 159.1, 3), (35.9, 159.1, 3), (37.3, 159.2, 3)]",LUPIT
2016207N17116,"[(17.2, 114.8, 0), (17.4, 114.4, 3), (17.5, 113.8, 3), (17.6, 113.1, 3), (17.8, 112.4, 3), (18.0, 111.9, 3), (18.2, 111.4, 3), (18.5, 111.0, 3), (18.7, 110.5, 3), (18.9, 110.0, 3), (19.0, 109.5, 3), (19.2, 109.0, 3), (19.4, 108.5, 3), (19.5, 107.9, 3), (19.5, 107.4, 3), (19.6, 107.1, 3), (19.8, 106.8, 3), (20.0, 106.5, 3), (20.2, 106.2, 3), (20.4, 105.9, 3), (20.7, 105.7, 3)]",MIRINAE
2016211N11128,"[(10.6, 127.5, 0), (11.2, 127.3, 3), (11.8, 127.1, 3), (12.2, 127.0, 3), (12.6, 126.9, 3), (13.1, 126.8, 3), (13.6, 126.6, 3), (14.0, 126.4, 3), (14.4, 126.0, 3), (14.8, 125.5, 3), (15.2, 124.9, 3), (15.7, 124.3, 3), (16.2, 123.8, 3), (16.6, 123.3, 3), (17.1, 122.8, 3), (17.6, 122.3, 3), (18.1, 121.8, 3), (18.4, 121.4, 3), (18.6, 121.1, 3), (18.8, 120.6, 3), (19.1, 120.1, 3), (19.4, 119.5, 3), (19.8, 118.9, 3), (20.2, 118.2, 3), (20.7, 117.4, 3), (21.2, 116.7, 3), (21.6, 116.1, 3), (21.9, 115.5, 3), (22.2, 114.9, 3), (22.5, 114.1, 3), (22.8, 113.3, 3), (23.0, 112.6, 3), (23.3, 112.0, 3), (23.6, 111.4, 3), (23.9, 110.7, 3)]",NIDA
2016216N17149,"[(16.1, 149.3, 0), (16.2, 148.8, 3), (16.3, 148.3, 3), (16.5, 147.8, 3), (16.7, 147.3, 3), (17.0, 147.0, 3), (17.4, 146.8, 3), (17.8, 146.6, 3), (18.3, 146.4, 3), (18.7, 146.3, 3), (19.1, 146.3, 3), (19.5, 146.3, 3), (19.9, 146.4, 3), (20.2, 146.5, 3), (20.6, 146.6, 3), (21.0, 146.8, 3), (21.4, 147.1, 3), (21.7, 147.2, 3), (22.1, 147.3, 3), (22.4, 147.5, 3), (22.9, 147.6, 3), (23.6, 147.6, 3), (24.3, 147.6, 3), (24.8, 147.5, 3), (25.3, 147.4, 3), (25.8, 147.4, 3), (26.3, 147.4, 3), (26.8, 147.3, 3), (27.3, 147.2, 3), (28.0, 147.1, 3), (28.7, 147.0, 3), (29.3, 146.7, 3), (29.9, 146.4, 3), (30.4, 146.1, 3), (30.8, 145.8, 3), (31.3, 145.3, 3), (31.8, 144.8, 3), (32.3, 144.5, 3), (32.9, 144.3, 3), (33.6, 144.1, 3), (34.3, 144.0, 3), (34.9, 143.9, 3), (35.5, 144.0, 3), (36.1, 144.1, 3), (36.8, 144.4, 3), (37.6, 144.8, 3), (38.5, 145.3, 3), (39.4, 145.7, 3), (40.3, 146.3, 3), (41.3, 147.2, 3), (42.4, 148.2, 3), (43.6, 149.3, 3), (44.8, 150.4, 3)]",OMAIS
2016221N19163,"[(17.4, 161.0, 0), (17.3, 160.7, 3), (17.2, 160.5, 3), (17.1, 160.3, 3), (17.0, 160.0, 3), (16.9, 159.7, 3), (16.9, 159.3, 3), (16.9, 159.0, 3), (17.0, 158.7, 3), (17.1, 158.3, 3), (17.3, 157.8, 3), (17.4, 157.4, 3), (17.5, 157.0, 3), (17.7, 156.5, 3), (18.0, 156.0, 3), (18.2, 155.5, 3), (18.5, 155.1, 3), (18.7, 154.7, 3), (19.0, 154.3, 3), (19.2, 154.0, 3), (19.5, 153.8, 3), (19.7, 153.6, 3), (20.0, 153.6, 3), (20.4, 153.7, 3), (20.8, 153.9, 3), (21.2, 154.2, 3), (21.8, 154.5, 3), (22.5, 155.0, 3), (23.3, 155.4, 3), (24.2, 155.6, 3), (25.1, 155.6, 3), (25.8, 155.6, 3), (26.4, 155.6, 3), (27.0, 155.6, 3), (27.5, 155.6, 3), (28.0, 155.4, 3), (28.5, 155.1, 3), (29.1, 154.8, 3), (29.8, 154.4, 3), (30.8, 154.0, 3), (31.7, 153.6, 3), (32.1, 153.3, 3), (32.5, 153.0, 3), (33.2, 152.6, 3), (34.0, 152.1, 3), (34.9, 151.5, 3), (35.8, 150.9, 3), (36.8, 150.2, 3), (37.8, 149.4, 3), (38.9, 148.5, 3), (40.0, 147.5, 3), (40.8, 146.6, 3), (41.5, 145.9, 3), (42.5, 145.5, 3), (43.3, 145.4, 2), (43.7, 145.3, 1)]",CONSON
2016225N16138,"[(15.6, 138.2, 0), (15.7, 138.1, 3), (15.8, 138.1, 3), (16.0, 138.1, 3), (16.2, 138.2, 3), (16.4, 138.3, 3), (16.6, 138.5, 3), (16.8, 138.6, 3), (17.0, 138.7, 3), (17.2, 138.9, 3), (17.4, 139.2, 3), (17.6, 139.4, 3), (17.9, 139.6, 3), (18.1, 139.9, 3), (18.4, 140.3, 3), (19.0, 140.9, 3), (19.7, 141.6, 3), (20.2, 142.2, 3), (20.6, 142.7, 3), (21.1, 143.2, 3), (21.7, 143.7, 3), (22.2, 144.0, 3), (22.7, 144.2, 3), (23.3, 144.4, 3), (24.0, 144.5, 3), (24.8, 144.7, 3), (25.5, 144.8, 3), (26.1, 144.8, 3), (26.7, 144.7, 3), (27.4, 144.5, 3), (28.0, 144.3, 3), (28.4, 144.1, 3), (28.9, 143.9, 3), (29.5, 143.5, 3), (30.2, 143.1, 3), (30.8, 142.6, 3), (31.4, 142.2, 3), (32.2, 141.8, 3), (33.1, 141.4, 3), (33.8, 141.2, 3), (34.4, 141.1, 3), (35.2, 141.1, 3), (36.0, 141.2, 3), (36.8, 141.3, 3), (37.8, 141.6, 3), (39.2, 142.1, 3), (40.8, 142.7, 3), (41.9, 143.0, 2), (42.4, 143.1, 1), (44.1, 143.3, 3)]",CHANTHU
2016228N22117,"[(20.7, 113.4, 0), (20.8, 113.1, 3), (20.8, 112.7, 3), (20.8, 112.2, 3), (20.8, 111.7, 3), (20.7, 111.2, 3), (20.6, 110.7, 3), (20.5, 110.1, 3), (20.5, 109.6, 3), (20.5, 109.2, 3), (20.5, 108.7, 3), (20.5, 108.2, 3), (20.6, 107.6, 3), (20.7, 107.1, 3), (20.8, 106.5, 3), (20.9, 105.8, 3), (21.0, 105.0, 3)]",DIANMU
2016230N15138,"[(18.4, 141.1, 0), (18.6, 141.0, 3), (18.8, 140.9, 3), (19.0, 140.8, 3), (19.2, 140.8, 3), (19.6, 140.7, 3), (20.2, 140.6, 3), (21.1, 140.6, 3), (22.1, 140.7, 3), (23.1, 140.8, 3), (24.2, 140.8, 3), (25.2, 140.7, 3), (26.1, 140.5, 3), (27.0, 140.4, 3), (28.0, 140.3, 3), (29.1, 140.1, 3), (30.1, 139.9, 3), (30.8, 139.7, 3), (31.4, 139.5, 3), (32.1, 139.3, 3), (32.9, 139.2, 3), (33.6, 139.3, 3), (34.3, 139.5, 3), (35.1, 139.7, 3), (36.0, 139.9, 3), (36.9, 140.1, 3), (37.9, 140.4, 3), (39.3, 140.8, 3), (40.9, 141.5, 3), (42.0, 142.2, 2), (42.6, 142.6, 1), (44.3, 143.9, 3)]",MINDULLE
2016230N25160,"[(32.6, 141.6, 0), (32.5, 140.7, 3), (32.3, 139.9, 3), (32.1, 139.2, 3), (31.8, 138.6, 3), (31.4, 138.0, 3), (31.0, 137.4, 3), (30.6, 137.0, 3), (30.3, 136.7, 3), (30.1, 136.3, 3), (29.9, 135.8, 3), (29.8, 135.2, 3), (29.7, 134.6, 3), (29.6, 134.1, 3), (29.4, 133.7, 3), (29.2, 133.5, 3), (29.1, 133.4, 3), (29.0, 133.3, 3), (28.9, 133.2, 3), (28.7, 133.2, 3), (28.6, 133.3, 3), (28.6, 133.5, 3), (28.6, 133.7, 3), (28.5, 134.0, 3), (28.4, 134.2, 3), (28.3, 134.3, 3), (28.2, 134.3, 3), (28.1, 134.3, 3), (27.9, 134.3, 3), (27.8, 134.3, 3), (27.6, 134.2, 3), (27.2, 134.0, 3), (26.7, 133.8, 3), (26.3, 133.6, 3), (26.0, 133.3, 3), (25.6, 133.0, 3), (25.3, 132.8, 3), (25.1, 132.6, 3), (24.9, 132.4, 3), (24.7, 132.1, 3), (24.4, 131.9, 3), (24.1, 131.7, 3), (23.9, 131.5, 3), (23.7, 131.3, 3), (23.5, 131.1, 3), (23.5, 131.0, 3), (23.5, 130.9, 3), (23.5, 130.8, 3), (23.4, 130.7, 3), (23.2, 130.6, 3), (23.1, 130.6, 3), (23.1, 130.8, 3), (23.2, 131.0, 3), (23.2, 131.1, 3), (23.2, 131.2, 3), (23.1, 131.7, 3), (23.1, 132.2, 3), (23.3, 132.4, 3), (23.6, 132.5, 3), (23.7, 132.8, 3), (23.8, 133.1, 3), (23.9, 133.4, 3), (24.1, 133.7, 3), (24.3, 134.1, 3), (24.6, 134.6, 3), (24.8, 135.1, 3), (25.1, 135.6, 3), (25.5, 136.1, 3), (26.1, 136.7, 3), (26.9, 137.3, 3), (27.7, 137.8, 3), (28.2, 138.3, 3), (28.5, 138.8, 3), (28.9, 139.6, 3), (29.4, 140.5, 3), (29.9, 141.2, 3), (30.5, 141.8, 3), (30.9, 142.2, 3), (31.4, 142.6, 3), (32.0, 143.1, 3), (32.7, 143.4, 3), (33.5, 143.6, 3), (34.3, 143.5, 3), (35.1, 143.1, 3), (36.0, 142.6, 3), (36.9, 142.3, 3), (38.0, 141.8, 3), (39.0, 141.4, 2), (39.6, 141.1, 1), (41.3, 139.9, 3), (42.8, 137.9, 3), (44.1, 135.5, 3)]",LIONROCK
2016232N22153,"[(29.2, 151.4, 0), (30.1, 150.4, 3), (31.0, 149.4, 3), (31.9, 148.4, 3), (32.7, 147.5, 3), (33.5, 146.6, 3), (34.2, 145.6, 3), (35.0, 144.5, 3), (35.8, 143.5, 3), (36.8, 142.9, 3), (37.7, 142.6, 3), (38.3, 142.4, 3), (38.9, 142.4, 3), (39.8, 142.5, 3), (40.7, 142.7, 3), (41.6, 143.2, 3), (42.5, 143.8, 3)]",KOMPASU
2016244N21123,"[(22.2, 125.7, 0), (22.7, 126.1, 3), (23.2, 126.6, 3), (23.5, 127.1, 3), (23.8, 127.7, 3), (24.1, 128.4, 3), (24.4, 129.0, 3), (24.7, 129.6, 3), (25.0, 130.1, 3), (25.3, 130.4, 3), (25.7, 130.5, 3), (26.0, 130.6, 3), (26.4, 130.7, 3), (26.8, 130.8, 3), (27.1, 130.8, 3), (27.4, 130.8, 3), (27.7, 130.8, 3), (28.1, 130.7, 3), (28.5, 130.6, 3), (28.9, 130.5, 3), (29.3, 130.3, 3), (29.6, 130.2, 3), (29.9, 130.1, 3), (30.3, 130.0, 3), (30.6, 129.9, 3), (30.8, 129.8, 3), (31.0, 129.7, 3), (31.2, 129.6, 3), (31.4, 129.6, 3), (31.6, 129.6, 3), (31.9, 129.7, 3), (32.2, 129.8, 3), (32.5, 129.8, 3), (32.8, 129.8, 3), (32.9, 129.9, 1), (33.1, 129.9, 2)]",NAMTHEUN
2016250N25125,"[(24.7, 125.0, 0), (25.0, 125.3, 3), (25.3, 125.5, 3), (25.6, 125.7, 3), (26.0, 126.0, 3), (26.4, 126.7, 3), (26.8, 127.5, 3), (27.3, 128.0, 3), (27.8, 128.4, 3), (28.5, 128.7, 3), (29.1, 129.2, 3), (29.5, 130.0, 3), (29.8, 130.8, 3), (30.0, 131.3, 3), (30.3, 132.0, 3), (30.8, 133.3, 3), (31.4, 135.0, 3)]",MALOU
2016253N13144,"[(14.1, 141.0, 0), (14.4, 140.5, 3), (14.6, 140.0, 3), (14.8, 139.4, 3), (15.0, 138.8, 3), (15.2, 138.2, 3), (15.4, 137.7, 3), (15.5, 137.3, 3), (15.7, 136.9, 3), (15.9, 136.4, 3), (16.1, 135.8, 3), (16.3, 135.2, 3), (16.6, 134.5, 3), (16.9, 133.8, 3), (17.2, 133.1, 3), (17.4, 132.4, 3), (17.6, 131.8, 3), (17.8, 131.1, 3), (18.0, 130.4, 3), (18.1, 129.9, 3), (18.3, 129.4, 3), (18.6, 128.8, 3), (18.9, 128.2, 3), (19.1, 127.4, 3), (19.3, 126.7, 3), (19.4, 126.1, 3), (19.6, 125.5, 3), (19.9, 124.8, 3), (20.1, 124.1, 3), (20.3, 123.5, 3), (20.4, 123.0, 3), (20.6, 122.4, 3), (20.8, 121.9, 3), (21.1, 121.3, 3), (21.5, 120.8, 3), (22.0, 120.2, 3), (22.5, 119.7, 3), (23.0, 119.3, 3), (23.4, 119.0, 3), (23.8, 118.6, 3), (24.3, 118.3, 3), (24.8, 118.0, 3), (25.3, 117.7, 3), (25.8, 117.3, 3), (26.3, 116.9, 3)]",MERANTI
2016255N12114,"[(11.9, 114.0, 0), (12.4, 113.7, 3), (12.9, 113.3, 3), (13.3, 112.8, 3), (13.7, 112.2, 3), (14.0, 111.6, 3), (14.3, 111.1, 3), (14.6, 110.7, 3), (14.8, 110.3, 3), (15.0, 109.8, 3), (15.2, 109.2, 3), (15.5, 108.4, 3), (15.9, 107.4, 3)]",RAI
2016256N12146,"[(12.6, 143.4, 0), (12.8, 142.6, 3), (12.9, 141.9, 3), (13.0, 141.3, 3), (13.2, 140.7, 3), (13.5, 140.0, 3), (13.7, 139.3, 3), (13.9, 138.7, 3), (14.0, 138.1, 3), (14.1, 137.5, 3), (14.3, 136.9, 3), (14.5, 136.3, 3), (14.7, 135.8, 3), (14.9, 135.3, 3), (15.0, 134.7, 3), (15.1, 134.1, 3), (15.3, 133.4, 3), (15.5, 132.8, 3), (15.7, 132.2, 3), (15.8, 131.8, 3), (16.0, 131.3, 3), (16.2, 130.6, 3), (16.4, 129.9, 3), (16.6, 129.4, 3), (16.8, 128.9, 3), (17.2, 128.4, 3), (17.6, 127.8, 3), (18.0, 127.2, 3), (18.4, 126.7, 3), (18.8, 126.2, 3), (19.3, 125.7, 3), (19.7, 125.3, 3), (20.1, 124.9, 3), (20.6, 124.4, 3), (21.1, 123.9, 3), (21.6, 123.6, 3), (22.1, 123.4, 3), (22.5, 123.2, 3), (23.0, 123.1, 3), (23.5, 123.0, 3), (24.1, 122.9, 3), (24.6, 122.8, 3), (25.1, 122.7, 3), (25.5, 122.6, 3), (25.8, 122.6, 3), (26.0, 122.6, 3), (26.2, 122.7, 3), (26.4, 122.9, 3), (26.7, 123.2, 3), (27.1, 123.7, 3), (27.5, 124.2, 3), (27.8, 124.7, 3), (28.0, 125.1, 3), (28.3, 125.5, 3), (28.6, 126.0, 3), (29.0, 126.5, 3), (29.4, 127.1, 3), (29.8, 127.6, 3), (30.1, 128.2, 3), (30.4, 128.8, 3), (30.8, 129.6, 3), (31.2, 130.5, 3), (31.6, 131.4, 3), (32.1, 132.2, 3), (32.7, 133.4, 3), (33.2, 134.3, 2), (33.5, 134.7, 1), (33.8, 135.2, 1), (34.3, 136.1, 2), (34.7, 136.9, 2), (34.9, 137.3, 1)]",MALAKAS
2016265N10150,"[(10.0, 149.8, 0), (10.3, 147.7, 3), (10.6, 146.1, 3), (10.8, 145.3, 3), (11.0, 144.9, 3), (11.3, 144.5, 3), (11.7, 144.3, 3), (12.1, 144.2, 3), (12.6, 143.9, 3), (13.2, 143.3, 3), (13.7, 142.5, 3), (14.1, 141.8, 3), (14.5, 141.2, 3), (14.9, 140.7, 3), (15.3, 140.2, 3), (15.5, 139.8, 3), (15.7, 139.5, 3), (16.0, 139.1, 3), (16.3, 138.7, 3), (16.6, 138.2, 3), (16.9, 137.7, 3), (17.2, 137.2, 3), (17.4, 136.7, 3), (17.6, 136.2, 3), (17.9, 135.6, 3), (18.2, 134.9, 3), (18.4, 134.1, 3), (18.6, 133.5, 3), (18.8, 133.0, 3), (19.0, 132.4, 3), (19.3, 131.7, 3), (19.6, 131.0, 3), (19.9, 130.4, 3), (20.0, 129.9, 3), (20.1, 129.4, 3), (20.3, 128.7, 3), (20.5, 128.1, 3), (20.6, 127.7, 3), (20.7, 127.3, 3), (21.0, 126.8, 3), (21.3, 126.2, 3), (21.5, 125.7, 3), (21.7, 125.3, 3), (22.0, 124.9, 3), (22.3, 124.4, 3), (22.7, 123.9, 3), (23.2, 123.3, 3), (23.8, 122.5, 3), (24.2, 121.6, 3), (24.3, 120.8, 3), (24.4, 120.1, 3), (24.8, 119.5, 3), (25.1, 119.0, 3), (25.2, 118.5, 3), (25.1, 118.1, 3), (25.0, 117.6, 3), (24.8, 117.1, 3), (24.7, 116.6, 3), (24.6, 116.2, 3)]",MEGI
2016269N15165,"[(15.7, 159.5, 0), (15.6, 158.7, 3), (15.5, 158.0, 3), (15.4, 157.3, 3), (15.2, 156.5, 3), (15.1, 155.6, 3), (14.9, 154.8, 3), (14.7, 154.1, 3), (14.5, 153.4, 3), (14.4, 152.8, 3), (14.4, 152.1, 3), (14.4, 151.6, 2), (14.4, 151.4, 1), (14.4, 150.6, 3), (14.4, 149.9, 3), (14.4, 149.2, 3), (14.4, 148.6, 3), (14.4, 148.0, 3), (14.4, 147.2, 3), (14.3, 146.3, 3), (14.2, 145.6, 3), (14.2, 144.9, 3), (14.2, 144.3, 3), (14.1, 143.8, 3), (14.0, 143.2, 3), (13.9, 142.6, 3), (13.9, 141.9, 3), (13.8, 141.2, 3), (13.7, 140.7, 3), (13.6, 140.2, 3), (13.5, 139.8, 3), (13.5, 139.4, 3), (13.5, 138.8, 3), (13.6, 138.3, 3), (13.8, 137.9, 3), (14.1, 137.6, 3), (14.4, 137.3, 3), (14.7, 136.9, 3), (15.0, 136.4, 3), (15.3, 136.0, 3), (15.6, 135.7, 3), (16.0, 135.4, 3), (16.4, 135.0, 3), (16.8, 134.6, 3), (17.2, 134.2, 3), (17.6, 133.8, 3), (18.1, 133.3, 3), (18.6, 132.7, 3), (19.1, 132.1, 3), (19.7, 131.5, 3), (20.3, 130.9, 3), (20.8, 130.3, 3), (21.3, 129.8, 3), (21.8, 129.3, 3), (22.3, 128.8, 3), (22.8, 128.3, 3), (23.3, 127.9, 3), (23.8, 127.6, 3), (24.4, 127.2, 3), (25.0, 127.0, 3), (25.4, 126.8, 3), (25.8, 126.7, 3), (26.3, 126.6, 3), (26.8, 126.5, 3), (27.3, 126.3, 3), (27.8, 126.2, 3), (28.6, 126.0, 3), (29.3, 125.9, 3), (30.0, 125.8, 3), (30.8, 125.9, 3), (31.8, 126.0, 3), (32.8, 126.4, 3), (33.6, 127.1, 3), (34.5, 128.2, 3), (35.3, 129.3, 3), (36.3, 131.4, 3), (37.1, 133.7, 3), (38.0, 137.5, 3), (38.8, 140.8, 3)]",CHABA
2016278N16181,"[(18.6, 160.4, 0), (18.8, 159.6, 3), (19.0, 158.9, 3), (19.1, 158.2, 3), (19.2, 157.5, 3), (19.3, 156.7, 3), (19.4, 155.9, 3), (19.6, 155.1, 3), (19.9, 154.2, 3), (20.2, 153.3, 3), (20.6, 152.5, 3), (20.8, 151.7, 3), (21.1, 151.0, 3), (21.5, 150.4, 3), (21.9, 149.8, 3), (22.3, 149.1, 3), (22.7, 148.5, 3), (23.2, 147.9, 3), (23.7, 147.3, 3), (24.2, 146.8, 3), (24.6, 146.4, 3), (25.1, 146.1, 3), (25.5, 145.9, 3), (25.9, 145.9, 3), (26.3, 145.9, 3), (26.8, 145.8, 3), (27.2, 145.8, 3), (27.5, 145.8, 3), (27.8, 146.0, 3), (28.2, 146.3, 3), (28.6, 146.6, 3), (28.9, 146.9, 3), (29.3, 147.4, 3), (29.8, 148.1, 3), (30.3, 148.9, 3), (30.8, 149.9, 3), (31.3, 151.0, 3), (31.9, 152.3, 3), (32.5, 153.7, 3), (33.2, 155.2, 3), (34.0, 156.8, 3), (34.8, 158.5, 3), (35.8, 160.5, 3), (36.9, 162.9, 3), (38.1, 165.6, 3)]",SONGDA
2016279N19130,"[(19.5, 125.0, 0), (19.5, 124.3, 3), (19.6, 123.5, 3), (19.7, 122.7, 3), (19.9, 122.0, 3), (20.2, 121.3, 3), (20.5, 120.6, 3), (20.5, 119.8, 3), (20.4, 119.1, 3), (20.4, 118.5, 3), (20.4, 117.9, 3), (20.3, 117.3, 3), (20.3, 116.8, 3), (20.4, 116.4, 3), (20.6, 116.2, 3), (20.7, 116.1, 3), (20.8, 116.0, 3), (20.9, 115.9, 3), (21.0, 115.9, 3), (21.1, 115.9, 3), (21.1, 116.0, 3), (21.2, 116.0, 3), (21.2, 116.1, 3), (21.2, 116.2, 3), (21.2, 116.4, 3), (21.3, 116.6, 3), (21.5, 116.8, 3), (21.7, 117.0, 3), (21.8, 117.1, 3), (21.9, 117.3, 3), (21.9, 117.4, 3), (22.0, 117.5, 3), (22.0, 117.6, 3), (22.0, 117.8, 3), (21.9, 117.9, 3), (21.8, 117.9, 3), (21.7, 117.9, 3), (21.6, 117.9, 3), (21.6, 117.8, 3)]",AERE
2016287N12131,"[(12.3, 131.3, 0), (12.6, 130.9, 3), (12.9, 130.5, 3), (13.1, 130.1, 3), (13.3, 129.7, 3), (13.5, 129.3, 3), (13.6, 128.9, 3), (13.7, 128.5, 3), (13.7, 128.1, 3), (13.7, 127.6, 3), (13.7, 127.1, 3), (13.7, 126.7, 3), (13.8, 126.4, 3), (13.8, 126.2, 3), (13.9, 125.9, 3), (14.0, 125.5, 3), (14.1, 125.0, 3), (14.2, 124.7, 3), (14.3, 124.5, 3), (14.5, 124.2, 3), (14.7, 123.8, 3), (14.9, 123.4, 3), (15.1, 122.9, 3), (15.4, 122.4, 3), (15.7, 121.8, 3), (16.0, 120.8, 3), (16.2, 119.8, 3), (16.4, 119.0, 3), (16.5, 118.4, 3), (16.6, 118.0, 3), (16.7, 117.5, 3), (16.7, 116.6, 3), (16.7, 115.6, 3), (16.8, 114.8, 3), (17.0, 114.2, 3), (17.1, 113.6, 3), (17.3, 113.1, 3), (17.5, 112.7, 3), (17.7, 112.3, 3), (17.9, 112.0, 3), (18.1, 111.6, 3), (18.3, 111.2, 3), (18.5, 110.7, 3), (18.6, 110.3, 3), (18.8, 109.9, 3), (19.0, 109.4, 3), (19.2, 109.0, 3), (19.6, 108.6, 3), (20.1, 108.3, 3), (20.4, 108.1, 3), (20.7, 107.9, 3), (21.2, 107.7, 3), (21.9, 107.6, 3)]",SARIKA
2016288N06146,"[(6.3, 145.7, 0), (6.6, 145.4, 3), (6.9, 145.2, 3), (7.2, 145.0, 3), (7.4, 144.8, 3), (7.6, 144.5, 3), (7.9, 144.2, 3), (8.1, 143.9, 3), (8.4, 143.5, 3), (8.8, 143.0, 3), (9.1, 142.4, 3), (9.4, 141.9, 3), (9.6, 141.4, 3), (9.7, 140.8, 3), (9.8, 140.3, 3), (9.9, 139.9, 3), (10.1, 139.6, 3), (10.3, 139.3, 3), (10.5, 139.1, 3), (10.8, 138.9, 3), (11.2, 138.7, 3), (11.7, 138.3, 3), (12.2, 137.8, 3), (12.6, 137.2, 3), (12.9, 136.6, 3), (13.1, 136.1, 3), (13.3, 135.6, 3), (13.5, 135.1, 3), (13.8, 134.5, 3), (14.1, 134.0, 3), (14.4, 133.4, 3), (14.7, 132.8, 3), (14.9, 132.1, 3), (15.2, 131.4, 3), (15.4, 130.6, 3), (15.5, 129.8, 3), (15.6, 129.1, 3), (15.7, 128.4, 3), (15.9, 127.6, 3), (16.0, 126.8, 3), (16.1, 126.1, 3), (16.3, 125.4, 3), (16.6, 124.7, 3), (16.9, 124.0, 3), (17.2, 123.2, 3), (17.5, 122.4, 3), (17.8, 121.7, 3), (18.1, 121.0, 3), (18.3, 120.3, 3), (18.5, 119.6, 3), (18.8, 118.9, 3), (19.2, 118.2, 3), (19.6, 117.6, 3), (20.0, 117.1, 3), (20.5, 116.6, 3), (21.3, 116.1, 3), (22.1, 115.6, 3), (22.6, 115.3, 3), (23.0, 115.1, 3), (23.5, 114.8, 3), (24.2, 114.7, 3), (25.1, 114.9, 3), (26.1, 115.4, 3)]",HAIMA
2016305N10147,"[(10.7, 144.3, 0), (10.8, 143.8, 3), (10.8, 143.4, 3), (10.8, 143.0, 3), (10.9, 142.6, 3), (11.0, 142.3, 3), (11.2, 141.9, 3), (11.3, 141.5, 3), (11.5, 141.0, 3), (11.7, 140.6, 3), (11.9, 140.1, 3), (12.1, 139.6, 3), (12.4, 139.0, 3), (12.7, 138.5, 3), (12.9, 138.1, 3), (13.0, 137.6, 3), (13.1, 137.3, 3), (13.1, 137.2, 3), (13.0, 137.2, 3), (12.9, 137.2, 3), (12.8, 137.2, 3), (12.7, 137.3, 3), (12.7, 137.4, 3), (12.9, 137.6, 3), (13.2, 137.8, 3), (13.6, 138.1, 3), (14.0, 138.4, 3), (14.5, 138.6, 3), (14.9, 138.8, 3), (15.3, 139.0, 3), (15.6, 139.2, 3), (15.8, 139.3, 3), (16.1, 139.4, 3), (16.5, 139.5, 3), (16.8, 139.5, 3), (17.0, 139.6, 3), (17.2, 139.7, 3), (17.3, 139.8, 3), (17.5, 140.0, 3), (17.8, 140.4, 3), (18.1, 140.8, 3), (18.3, 141.2, 3), (18.6, 141.6, 3), (18.9, 142.1, 3), (19.4, 142.7, 3), (19.9, 143.3, 3), (20.6, 143.8, 3), (21.3, 144.3, 3), (22.1, 144.7, 3), (23.1, 145.2, 3), (24.2, 145.6, 3), (25.6, 146.0, 3), (27.0, 146.5, 3), (27.9, 146.9, 3), (28.6, 147.4, 3)]",MEARI
2016313N11163,"[(14.8, 159.9, 0), (15.1, 159.4, 3), (15.4, 158.9, 3), (15.7, 158.4, 3), (16.0, 157.9, 3), (16.3, 157.3, 3), (16.5, 156.7, 3), (16.7, 156.2, 3), (16.9, 155.7, 3), (17.2, 155.2, 3), (17.4, 154.6, 3), (17.5, 153.9, 3), (17.7, 153.1, 3), (18.0, 152.4, 3), (18.3, 151.7, 3), (18.6, 151.3, 3), (18.9, 150.8, 3), (19.4, 149.9, 3), (19.8, 148.9, 3), (20.1, 148.2, 3), (20.4, 147.5, 3), (20.6, 146.5, 3), (20.8, 145.6, 3), (21.1, 144.9, 3), (21.4, 144.4, 3)]",MA-ON
2016328N09130,"[(10.7, 125.3, 0), (10.9, 124.4, 3), (11.1, 123.6, 3), (11.3, 123.0, 3), (11.4, 122.5, 3), (11.5, 122.0, 3), (11.6, 121.5, 3), (11.7, 121.1, 3), (11.9, 120.7, 3), (12.2, 120.2, 3), (12.5, 119.7, 3), (12.9, 119.2, 3), (13.2, 118.7, 3), (13.5, 118.3, 3), (13.8, 118.0, 3), (14.2, 117.5, 3), (14.6, 117.2, 3), (14.9, 117.1, 3), (15.2, 117.2, 3), (15.5, 117.3, 3), (15.8, 117.5, 3), (16.2, 117.8, 3), (16.7, 118.1, 3), (17.1, 118.3, 3), (17.4, 118.4, 3), (17.5, 118.2, 3), (17.4, 117.8, 3)]",TOKAGE
2016355N07146,"[(7.8, 140.4, 0), (8.2, 139.9, 3), (8.6, 139.3, 3), (8.9, 138.7, 3), (9.3, 138.0, 3), (9.8, 137.2, 3), (10.2, 136.4, 3), (10.5, 135.5, 3), (10.8, 134.7, 3), (11.2, 133.9, 3), (11.5, 133.2, 3), (11.7, 132.7, 3), (11.9, 132.2, 3), (12.2, 131.7, 3), (12.5, 131.1, 3), (12.7, 130.5, 3), (12.9, 129.9, 3), (13.0, 129.4, 3), (13.1, 128.9, 3), (13.2, 128.5, 3), (13.3, 128.1, 3), (13.3, 127.7, 3), (13.4, 127.4, 3), (13.5, 127.1, 3), (13.6, 126.7, 3), (13.6, 126.4, 3), (13.5, 126.0, 3), (13.5, 125.5, 3), (13.5, 125.0, 3), (13.6, 124.5, 3), (13.6, 124.0, 3), (13.5, 123.4, 3), (13.4, 122.7, 3), (13.3, 122.2, 3), (13.4, 121.6, 3), (13.7, 120.8, 3), (14.0, 119.9, 3), (14.2, 119.3, 3), (14.4, 118.8, 3), (14.6, 118.0, 3), (14.8, 117.2, 3), (15.0, 116.6, 3), (15.0, 116.2, 3), (14.8, 115.7, 3), (14.5, 115.3, 3), (14.2, 115.0, 3), (13.9, 114.9, 3), (13.7, 114.8, 3), (13.6, 114.7, 3)]",NOCK-TEN
2017113N09144,"[(12.3, 137.0, 0), (12.3, 136.8, 3), (12.4, 136.5, 3), (12.5, 136.2, 3), (12.7, 135.9, 3), (12.8, 135.6, 3), (12.9, 135.3, 3), (13.0, 135.1, 3), (13.1, 135.0, 3), (13.3, 134.9, 3), (13.5, 134.9, 3), (13.8, 134.9, 3), (14.1, 134.8, 3), (14.4, 134.7, 3), (14.6, 134.7, 3), (14.8, 134.6, 3), (15.1, 134.6, 3), (15.4, 134.6, 3), (15.7, 134.6, 3), (16.1, 134.6, 3), (16.6, 134.6, 3)]",MUIFA
2017161N13119,"[(16.0, 117.2, 0), (16.6, 117.0, 3), (17.1, 116.8, 3), (17.6, 116.6, 3), (18.1, 116.3, 3), (18.7, 116.0, 3), (19.3, 115.6, 3), (19.8, 115.3, 3), (20.2, 115.1, 3), (20.6, 114.9, 3), (21.0, 114.7, 3), (21.4, 114.6, 3), (21.8, 114.5, 3), (22.3, 114.5, 3), (22.8, 114.5, 3), (23.2, 114.6, 3), (23.6, 114.7, 3), (24.2, 115.0, 3), (24.8, 115.3, 3)]",MERBOK
2017182N15132,"[(17.6, 130.3, 0), (18.3, 129.5, 3), (19.0, 128.6, 3), (19.8, 127.7, 3), (20.5, 126.9, 3), (21.2, 126.2, 3), (21.9, 125.7, 3), (22.7, 125.2, 3), (23.4, 124.7, 3), (24.0, 124.3, 3), (24.7, 124.1, 3), (25.4, 124.1, 3), (26.2, 124.3, 3), (27.0, 124.5, 3), (27.9, 124.8, 3), (28.8, 125.4, 3), (29.6, 126.1, 3), (30.5, 126.8, 3), (31.3, 127.7, 3), (32.1, 128.9, 3), (32.6, 129.9, 2), (32.8, 130.5, 1), (33.2, 132.4, 3), (33.4, 134.4, 3), (33.5, 135.0, 1), (33.7, 136.3, 2), (34.2, 138.3, 3), (34.9, 140.5, 3), (35.5, 142.6, 3), (35.8, 144.2, 3), (36.0, 145.4, 3)]",NANMADOL
2017195N16114,"[(16.3, 113.0, 0), (16.4, 112.8, 3), (16.5, 112.6, 3), (16.6, 112.4, 3), (16.8, 112.2, 3), (16.9, 112.0, 3), (17.0, 111.8, 3), (17.2, 111.5, 3), (17.3, 111.2, 3), (17.3, 110.9, 3), (17.4, 110.5, 3), (17.5, 110.0, 3), (17.7, 109.4, 3), (17.9, 108.9, 3), (18.1, 108.4, 3), (18.3, 107.8, 3), (18.4, 107.2, 3), (18.5, 106.6, 3), (18.6, 105.9, 3), (18.7, 105.1, 3), (18.9, 104.2, 3)]",TALAS
2017200N26162,"[(27.5, 157.8, 0), (27.6, 157.5, 3), (27.7, 157.3, 3), (27.7, 157.1, 3), (27.8, 156.8, 3), (27.9, 156.5, 3), (28.0, 156.1, 3), (28.1, 155.7, 3), (28.2, 155.2, 3), (28.3, 154.7, 3), (28.3, 154.2, 3), (28.3, 153.8, 3), (28.3, 153.4, 3), (28.3, 153.1, 3), (28.3, 152.8, 3), (28.3, 152.5, 3), (28.3, 152.2, 3), (28.2, 151.8, 3), (28.1, 151.4, 3), (28.0, 151.2, 3), (28.0, 151.2, 3), (28.0, 151.3, 3), (27.9, 151.4, 3), (27.8, 151.5, 3), (27.6, 151.6, 3), (27.4, 151.8, 3), (27.1, 152.2, 3), (26.9, 152.6, 3), (26.7, 153.1, 3), (26.5, 153.7, 3), (26.2, 154.4, 3), (26.0, 155.0, 3), (25.8, 155.6, 3), (25.7, 156.1, 3), (25.7, 156.6, 3), (25.8, 157.1, 3), (25.9, 157.5, 3), (26.0, 157.9, 3), (26.2, 158.2, 3), (26.5, 158.4, 3), (27.0, 158.4, 3), (27.5, 158.3, 3), (28.0, 158.0, 3), (28.5, 157.6, 3), (29.0, 157.1, 3), (29.4, 156.4, 3), (29.8, 155.6, 3), (30.1, 154.9, 3), (30.3, 154.2, 3), (30.5, 153.3, 3), (30.7, 152.3, 3), (30.8, 151.5, 3), (30.9, 150.6, 3), (30.8, 149.6, 3), (30.7, 148.6, 3), (30.5, 147.7, 3), (30.3, 146.8, 3), (30.0, 145.9, 3), (29.6, 145.2, 3), (29.3, 144.7, 3), (29.0, 144.4, 3), (28.6, 144.0, 3), (28.2, 143.6, 3), (27.8, 143.3, 3), (27.5, 143.0, 3), (27.4, 142.9, 3), (27.2, 142.8, 3), (26.7, 142.5, 3), (26.3, 142.3, 3), (25.9, 142.1, 3), (25.4, 141.9, 3), (24.9, 141.8, 3), (24.5, 141.8, 3), (24.2, 141.8, 3), (24.0, 141.8, 3), (23.6, 141.7, 3), (23.3, 141.6, 3), (23.1, 141.5, 3), (22.9, 141.4, 3), (22.8, 141.2, 3), (22.8, 140.9, 3), (22.8, 140.7, 3), (22.8, 140.4, 3), (22.8, 140.2, 3), (22.9, 139.9, 3), (22.9, 139.6, 3), (23.0, 139.3, 3), (23.1, 139.0, 3), (23.3, 138.8, 3), (23.4, 138.6, 3), (23.6, 138.3, 3), (23.8, 138.0, 3), (24.0, 137.7, 3), (24.2, 137.5, 3), (24.4, 137.3, 3), (24.6, 137.1, 3), (24.9, 136.8, 3), (25.2, 136.5, 3), (25.4, 136.3, 3), (25.6, 136.1, 3), (25.8, 135.9, 3), (26.0, 135.8, 3), (26.2, 135.7, 3), (26.4, 135.6, 3), (26.7, 135.5, 3), (27.0, 135.3, 3), (27.3, 135.0, 3), (27.6, 134.6, 3), (27.9, 134.1, 3), (28.0, 133.9, 3), (28.1, 133.6, 3), (28.2, 133.1, 3), (28.3, 132.5, 3), (28.4, 132.1, 3), (28.4, 131.7, 3), (28.4, 131.3, 3), (28.5, 131.1, 3), (28.6, 131.0, 3), (28.8, 130.8, 3), (29.0, 130.6, 3), (29.2, 130.5, 3), (29.3, 130.4, 3), (29.5, 130.3, 3), (29.7, 130.2, 3), (30.0, 130.1, 3), (30.0, 129.9, 3), (29.8, 130.0, 3), (29.9, 130.1, 3), (30.1, 130.2, 2), (30.2, 130.3, 1), (30.4, 130.6, 3), (30.8, 130.9, 3), (31.0, 131.2, 3), (31.2, 131.4, 3), (31.5, 131.8, 3), (31.9, 132.2, 3), (32.2, 132.5, 3), (32.5, 132.9, 3), (32.8, 133.3, 3), (33.2, 133.8, 3), (33.6, 134.4, 3), (34.1, 135.1, 3), (34.6, 135.8, 3), (35.1, 136.3, 3), (35.4, 136.6, 3), (35.8, 136.9, 3), (36.3, 137.3, 3), (36.8, 137.7, 3)]",NORU
2017201N23178,"[(23.2, 177.7, 0), (23.5, 177.6, 3), (23.8, 177.5, 3), (24.2, 177.5, 3), (24.6, 177.5, 3), (24.9, 177.4, 3), (25.3, 177.3, 3), (26.0, 177.2, 3), (26.7, 177.1, 3), (27.3, 176.8, 3), (28.0, 176.4, 3), (29.1, 176.1, 3), (30.0, 175.5, 3), (30.4, 174.0, 3), (30.4, 172.3, 3), (30.2, 171.1, 3), (29.9, 170.3, 3), (30.0, 169.9, 3), (30.1, 169.6, 3), (30.1, 169.0, 3), (30.2, 168.4, 3), (30.3, 167.9, 3), (30.5, 167.4, 3), (30.7, 166.9, 3), (30.9, 166.4, 3), (31.0, 165.9, 3), (31.2, 165.4, 3), (31.4, 164.8, 3), (31.6, 164.1, 3), (31.8, 163.6, 3), (32.1, 163.0, 3), (32.4, 162.3, 3), (32.6, 161.6, 3), (32.8, 160.8, 3), (33.0, 159.9, 3), (33.1, 158.9, 3), (33.1, 158.0, 3), (33.0, 157.2, 3), (32.9, 156.4, 3), (32.8, 155.7, 3), (32.6, 155.0, 3)]",KULAP
2017202N16116,"[(17.2, 114.1, 0), (17.3, 113.7, 3), (17.3, 113.4, 3), (17.3, 113.1, 3), (17.4, 112.8, 3), (17.4, 112.5, 3), (17.5, 112.3, 3), (17.6, 112.1, 3), (17.6, 112.0, 3), (17.6, 111.8, 3), (17.6, 111.7, 3), (17.6, 111.6, 3), (17.5, 111.5, 3), (17.4, 111.4, 3), (17.4, 111.3, 3), (17.4, 111.2, 3), (17.4, 111.2, 3), (17.4, 111.2, 3), (17.3, 111.1, 3), (17.2, 111.1, 3), (17.1, 111.0, 3), (17.0, 110.9, 3), (17.0, 110.8, 3), (16.9, 110.7, 3), (16.9, 110.6, 3), (16.8, 110.5, 3), (16.8, 110.4, 3), (16.7, 110.1, 3), (16.7, 109.7, 3), (16.7, 109.2, 3), (16.8, 108.6, 3), (16.9, 108.1, 3), (16.9, 107.5, 3), (16.9, 106.9, 3), (16.9, 106.3, 3)]",SONCA
2017202N19124,"[(18.3, 124.7, 0), (18.6, 124.2, 3), (19.0, 123.6, 3), (19.4, 123.0, 3), (19.8, 122.3, 3), (20.1, 121.5, 3), (20.4, 120.8, 3), (20.7, 120.2, 3), (21.1, 119.5, 3), (21.4, 118.6, 3), (21.7, 117.7, 3), (21.8, 117.1, 3), (21.9, 116.5, 3), (22.0, 115.7, 3), (22.0, 114.8, 3)]",ROKE
2017206N13129,"[(15.2, 128.4, 0), (15.5, 128.3, 3), (15.8, 128.3, 3), (16.0, 128.3, 3), (16.2, 128.2, 3), (16.4, 128.1, 3), (16.7, 128.0, 3), (17.0, 127.9, 3), (17.2, 127.8, 3), (17.4, 127.7, 3), (17.6, 127.6, 3), (17.9, 127.5, 3), (18.2, 127.3, 3), (18.5, 127.1, 3), (18.8, 126.9, 3), (19.1, 126.6, 3), (19.3, 126.3, 3), (19.6, 126.0, 3), (19.9, 125.7, 3), (20.2, 125.3, 3), (20.5, 124.9, 3), (20.7, 124.5, 3), (21.0, 124.2, 3), (21.4, 123.8, 3), (21.8, 123.5, 3), (22.1, 123.3, 3), (22.5, 123.1, 3), (22.9, 122.9, 3), (23.4, 122.6, 3), (24.0, 122.3, 3), (24.5, 121.8, 3), (24.8, 121.1, 3), (25.1, 120.3, 3), (25.5, 119.7, 3), (25.8, 119.2, 3), (26.0, 118.5, 3), (26.1, 117.9, 3), (26.0, 117.4, 3), (25.7, 117.1, 3)]",NESAT
2017209N19118,"[(18.0, 116.2, 0), (18.2, 116.4, 3), (18.4, 116.6, 3), (18.6, 116.9, 3), (18.9, 117.2, 3), (19.2, 117.6, 3), (19.5, 118.1, 3), (19.7, 118.6, 3), (20.1, 119.2, 3), (20.8, 119.8, 3), (21.7, 120.2, 3), (22.5, 120.3, 3), (23.3, 120.3, 3), (24.0, 120.4, 3), (24.7, 120.3, 3), (25.6, 119.7, 3), (26.4, 118.8, 3), (26.9, 118.0, 3), (27.3, 117.2, 3)]",HAITANG
2017212N27158,"[(26.8, 157.2, 0), (27.3, 158.5, 3), (27.6, 159.6, 3), (27.6, 160.4, 3), (27.3, 161.0, 3), (27.0, 161.9, 3), (26.7, 162.6, 3), (26.4, 163.0, 3), (26.1, 163.2, 3), (25.7, 163.4, 3), (25.4, 163.7, 3), (25.3, 164.1, 3), (25.4, 164.5, 3), (25.5, 164.8, 3), (25.7, 165.1, 3), (25.8, 165.2, 3), (25.9, 165.3, 3), (26.0, 165.4, 3), (26.1, 165.5, 3), (26.2, 165.5, 3), (26.4, 165.4, 3), (26.6, 165.1, 3), (26.7, 164.7, 3), (26.8, 164.5, 3), (26.9, 164.4, 3), (27.1, 164.3, 3), (27.3, 164.1, 3), (27.5, 163.8, 3), (27.8, 163.4, 3), (28.0, 163.1, 3), (28.3, 163.0, 3), (28.5, 163.0, 3), (28.8, 163.0, 3), (29.1, 163.1, 3), (29.5, 163.2, 3), (30.1, 163.2, 3), (30.9, 163.1, 3), (31.8, 162.8, 3), (32.6, 162.5, 3), (33.3, 162.2, 3), (34.0, 161.9, 3), (34.8, 161.4, 3), (35.7, 160.9, 3), (36.6, 160.3, 3), (37.5, 159.8, 3), (38.5, 159.3, 3), (39.6, 158.8, 3)]",NALGAE
2017223N16172,"[(16.9, 169.0, 0), (17.3, 168.4, 3), (17.7, 167.8, 3), (18.1, 167.2, 3), (18.4, 166.6, 3), (18.7, 166.1, 3), (18.9, 165.7, 3), (19.1, 165.4, 3), (19.3, 165.2, 3), (19.6, 164.9, 3), (19.9, 164.7, 3), (20.2, 164.5, 3), (20.5, 164.4, 3), (20.8, 164.2, 3), (21.0, 164.1, 3), (21.3, 164.0, 3), (21.5, 163.9, 3), (21.6, 163.8, 3), (21.7, 163.7, 3), (21.9, 163.6, 3), (22.1, 163.6, 3), (22.3, 163.5, 3), (22.5, 163.4, 3), (22.8, 163.4, 3), (23.2, 163.3, 3), (23.6, 163.2, 3), (24.0, 163.0, 3), (24.4, 162.8, 3), (24.9, 162.7, 3), (25.4, 162.5, 3), (26.0, 162.4, 3), (26.5, 162.3, 3), (27.1, 162.2, 3), (27.7, 162.2, 3), (28.3, 162.3, 3), (29.0, 162.5, 3), (29.8, 162.7, 3), (30.5, 162.9, 3), (31.3, 163.4, 3), (32.2, 164.2, 3), (33.3, 165.3, 3), (34.4, 166.5, 3), (35.6, 167.9, 3), (36.8, 169.3, 3), (38.0, 170.7, 3), (39.0, 172.0, 3), (40.0, 173.5, 3), (41.2, 175.3, 3), (42.5, 177.4, 3)]",BANYAN
2017232N19130,"[(18.2, 131.2, 0), (18.5, 130.5, 3), (18.8, 129.7, 3), (19.0, 128.9, 3), (19.1, 128.1, 3), (19.2, 127.3, 3), (19.3, 126.7, 3), (19.4, 126.3, 3), (19.6, 125.9, 3), (19.8, 125.5, 3), (19.9, 125.0, 3), (20.0, 124.5, 3), (20.0, 124.0, 3), (20.0, 123.5, 3), (20.1, 122.9, 3), (20.1, 122.2, 3), (20.2, 121.5, 3), (20.3, 120.7, 3), (20.3, 120.0, 3), (20.3, 119.3, 3), (20.3, 118.7, 3), (20.4, 118.0, 3), (20.5, 117.3, 3), (20.7, 116.6, 3), (20.9, 115.9, 3), (21.2, 115.2, 3), (21.5, 114.4, 3), (21.8, 113.7, 3), (22.2, 112.9, 3), (22.5, 111.9, 3), (22.8, 110.8, 3), (23.0, 109.9, 3), (23.1, 109.1, 3), (23.2, 108.3, 3), (23.4, 107.5, 3)]",HATO
2017236N15129,"[(15.5, 126.3, 0), (15.4, 125.6, 3), (15.2, 125.0, 3), (15.1, 124.5, 3), (15.0, 124.0, 3), (15.1, 123.5, 3), (15.3, 123.1, 3), (15.6, 122.7, 3), (15.9, 122.3, 3), (16.2, 121.9, 3), (16.6, 121.4, 3), (16.9, 120.5, 3), (17.3, 119.6, 3), (17.7, 118.9, 3), (18.1, 118.2, 3), (18.6, 117.5, 3), (19.1, 116.8, 3), (19.8, 116.0, 3), (20.5, 115.1, 3), (21.2, 114.3, 3), (21.8, 113.4, 3), (22.5, 112.5, 3), (23.0, 111.6, 3), (23.3, 110.6, 3), (23.5, 109.6, 3)]",PAKHAR
2017239N18147,"[(18.6, 146.3, 0), (18.8, 146.4, 3), (19.0, 146.4, 3), (19.1, 146.4, 3), (19.2, 146.5, 3), (19.4, 146.6, 3), (19.6, 146.7, 3), (19.7, 146.8, 3), (19.8, 146.9, 3), (19.9, 147.0, 3), (20.1, 147.1, 3), (20.3, 147.2, 3), (20.6, 147.4, 3), (21.1, 147.6, 3), (21.7, 147.7, 3), (22.1, 147.7, 3), (22.6, 147.6, 3), (23.2, 147.4, 3), (23.9, 147.1, 3), (25.0, 146.6, 3), (26.0, 145.9, 3), (26.6, 145.1, 3), (26.9, 144.2, 3), (27.0, 143.3, 3), (26.9, 142.4, 3), (26.8, 141.6, 3), (26.6, 141.1, 3), (26.5, 140.8, 3), (26.5, 140.8, 3), (26.5, 141.2, 3), (26.6, 141.6, 3), (26.8, 141.8, 3), (27.1, 141.9, 3), (27.4, 141.9, 3), (27.7, 141.8, 3), (27.8, 141.7, 3), (27.7, 141.6, 3), (27.4, 141.8, 3), (27.2, 142.1, 3), (27.2, 142.7, 3), (27.3, 143.2, 3), (27.7, 143.5, 3), (28.1, 143.6, 3), (28.3, 143.7, 3), (28.5, 143.8, 3), (28.8, 144.0, 3), (29.3, 144.3, 3), (30.2, 144.7, 3), (31.3, 145.3, 3), (32.4, 146.0, 3), (33.5, 146.8, 3), (34.5, 147.4, 3), (35.6, 148.1, 3), (37.0, 148.9, 3), (38.6, 150.0, 3), (40.2, 151.3, 3), (41.8, 152.7, 3), (43.4, 154.1, 3), (45.1, 155.4, 3)]",SANVU
2017242N19122,"[(18.1, 119.7, 0), (18.2, 119.7, 3), (18.3, 119.7, 3), (18.3, 119.7, 3), (18.4, 119.6, 3), (18.6, 119.6, 3), (18.8, 119.6, 3), (19.0, 119.5, 3), (19.3, 119.4, 3), (19.6, 119.3, 3), (19.8, 119.1, 3), (20.1, 119.0, 3), (20.3, 118.8, 3), (20.5, 118.6, 3), (20.6, 118.4, 3), (20.8, 118.2, 3), (21.0, 117.9, 3), (21.2, 117.6, 3), (21.3, 117.4, 3), (21.3, 117.2, 3), (21.3, 117.1, 3), (21.3, 117.0, 3), (21.4, 117.0, 3), (21.5, 117.0, 3), (21.6, 116.9, 3), (21.7, 116.8, 3), (21.8, 116.7, 3), (21.9, 116.5, 3), (22.1, 116.3, 3), (22.2, 116.1, 3), (22.4, 115.9, 3), (22.7, 115.5, 3), (23.0, 115.1, 3)]",MAWAR
2017247N16132,"[(15.9, 128.6, 0), (16.1, 127.9, 3), (16.2, 127.2, 3), (16.3, 126.5, 3), (16.4, 125.9, 3), (16.6, 125.5, 3), (16.8, 125.2, 3), (17.1, 125.0, 3), (17.5, 124.8, 3), (18.0, 124.5, 3), (18.6, 124.1, 3), (19.2, 123.4, 3), (19.6, 122.7, 3), (19.9, 122.1, 3), (20.0, 121.5, 3), (20.1, 120.8, 3), (20.2, 120.3, 3), (20.4, 120.1, 3), (20.7, 120.0, 3), (21.2, 120.0, 3), (21.7, 120.0, 3)]",GUCHOL
2017252N14147,"[(13.0, 145.7, 0), (13.3, 145.3, 3), (13.7, 144.9, 3), (14.2, 144.3, 3), (14.6, 143.7, 3), (15.0, 143.2, 3), (15.2, 142.7, 3), (15.3, 142.0, 3), (15.4, 141.3, 3), (15.6, 140.7, 3), (15.8, 140.2, 3), (16.0, 139.8, 3), (16.2, 139.4, 3), (16.5, 138.9, 3), (16.8, 138.3, 3), (17.1, 137.8, 3), (17.4, 137.2, 3), (17.8, 136.6, 3), (18.2, 136.0, 3), (18.6, 135.4, 3), (18.9, 134.8, 3), (19.2, 134.1, 3), (19.6, 133.3, 3), (20.0, 132.5, 3), (20.4, 131.7, 3), (20.8, 131.0, 3), (21.2, 130.3, 3), (21.8, 129.5, 3), (22.4, 128.7, 3), (22.7, 128.1, 3), (23.0, 127.7, 3), (23.4, 127.2, 3), (23.7, 126.8, 3), (24.0, 126.5, 3), (24.3, 126.3, 3), (24.7, 126.0, 3), (25.0, 125.8, 3), (25.3, 125.6, 3), (25.5, 125.4, 3), (25.7, 125.2, 3), (25.9, 125.0, 3), (26.1, 124.8, 3), (26.4, 124.6, 3), (26.7, 124.4, 3), (26.9, 124.3, 3), (27.1, 124.3, 3), (27.3, 124.3, 3), (27.5, 124.4, 3), (27.6, 124.5, 3), (27.7, 124.5, 3), (27.9, 124.5, 3), (28.1, 124.6, 3), (28.2, 124.7, 3), (28.3, 124.9, 3), (28.4, 125.1, 3), (28.4, 125.3, 3), (28.4, 125.4, 3), (28.5, 125.6, 3), (28.6, 125.8, 3), (28.8, 126.2, 3), (29.0, 126.6, 3), (29.2, 127.1, 3), (29.4, 127.5, 3), (29.8, 128.2, 3), (30.2, 129.0, 3), (30.5, 129.6, 3), (30.9, 130.4, 3), (31.2, 130.9, 2), (31.4, 131.2, 1), (32.2, 132.1, 3), (32.5, 132.4, 1), (33.1, 133.2, 2), (34.4, 134.7, 3), (34.9, 135.4, 1), (36.1, 136.8, 2), (38.0, 138.8, 3), (39.7, 139.9, 3), (41.3, 140.3, 3)]",TALIM
2017253N14130,"[(14.8, 124.7, 0), (14.7, 124.2, 3), (14.7, 123.8, 3), (14.7, 123.4, 3), (14.6, 123.0, 3), (14.5, 122.5, 3), (14.4, 122.0, 3), (14.4, 121.4, 3), (14.4, 120.6, 3), (14.4, 119.7, 3), (14.4, 118.8, 3), (14.5, 118.2, 3), (14.6, 117.7, 3), (14.7, 117.2, 3), (14.8, 116.8, 3), (14.9, 116.4, 3), (15.1, 116.0, 3), (15.2, 115.3, 3), (15.4, 114.6, 3), (15.6, 113.9, 3), (15.8, 113.3, 3), (15.9, 112.7, 3), (16.0, 112.1, 3), (16.2, 111.7, 3), (16.4, 111.2, 3), (16.7, 110.5, 3), (17.0, 109.8, 3), (17.2, 109.2, 3), (17.4, 108.7, 3), (17.6, 108.1, 3), (17.7, 107.4, 3), (17.8, 106.7, 3), (17.8, 106.0, 3), (17.8, 105.4, 3), (17.9, 104.7, 3), (18.0, 103.7, 3), (18.2, 102.7, 3), (18.4, 101.8, 3), (18.7, 101.0, 3)]",DOKSURI
2017284N15134,"[(16.5, 132.6, 0), (16.4, 131.6, 3), (16.4, 130.5, 3), (16.4, 129.4, 3), (16.6, 128.4, 3), (17.1, 127.7, 3), (17.6, 127.0, 3), (17.8, 125.9, 3), (17.9, 124.8, 3), (18.0, 124.0, 3), (18.0, 123.4, 3), (18.1, 122.7, 3), (18.1, 122.1, 3), (18.1, 121.5, 3), (17.9, 120.8, 3), (17.6, 120.0, 3), (17.2, 119.3, 3), (17.0, 119.0, 3), (16.9, 118.9, 3), (16.9, 118.7, 3), (16.9, 118.6, 3), (17.0, 118.5, 3), (17.1, 118.4, 3), (17.4, 118.1, 3), (17.7, 117.8, 3), (18.0, 117.6, 3), (18.3, 117.3, 3), (18.8, 116.9, 3), (19.4, 116.3, 3), (19.7, 115.6, 3), (20.0, 114.8, 3), (20.3, 114.1, 3), (20.5, 113.3, 3), (20.7, 112.5, 3), (20.8, 111.7, 3), (20.8, 111.0, 3), (20.8, 110.5, 3), (20.7, 110.1, 3), (20.5, 109.8, 3), (20.4, 109.6, 3), (20.3, 109.4, 3)]",KHANUN
2017288N09138,"[(8.6, 137.4, 0), (9.0, 137.2, 3), (9.3, 136.9, 3), (9.6, 136.6, 3), (9.8, 136.3, 3), (10.1, 136.0, 3), (10.3, 135.6, 3), (10.5, 135.4, 3), (10.6, 135.0, 3), (10.7, 134.3, 3), (10.7, 133.6, 3), (10.7, 133.0, 3), (10.6, 132.6, 3), (10.5, 132.3, 3), (10.4, 132.2, 3), (10.2, 132.2, 3), (10.1, 132.3, 3), (10.2, 132.3, 3), (10.4, 132.4, 3), (10.6, 132.5, 3), (10.9, 132.5, 3), (11.2, 132.5, 3), (11.6, 132.5, 3), (12.2, 132.4, 3), (12.8, 132.1, 3), (13.4, 131.7, 3), (14.0, 131.3, 3), (14.4, 131.0, 3), (14.8, 130.7, 3), (15.1, 130.5, 3), (15.4, 130.4, 3), (15.8, 130.2, 3), (16.2, 130.1, 3), (16.5, 130.0, 3), (16.9, 130.0, 3), (17.4, 129.9, 3), (17.9, 129.9, 3), (18.4, 129.9, 3), (18.9, 130.0, 3), (19.3, 130.0, 3), (19.7, 130.0, 3), (19.9, 130.1, 3), (20.1, 130.2, 3), (20.4, 130.4, 3), (20.7, 130.7, 3), (21.0, 130.9, 3), (21.3, 131.2, 3), (21.8, 131.5, 3), (22.4, 131.9, 3), (23.1, 132.2, 3), (23.8, 132.5, 3), (24.6, 132.9, 3), (25.5, 133.2, 3), (26.6, 133.5, 3), (27.8, 133.8, 3), (28.8, 134.1, 3), (29.8, 134.6, 3), (30.9, 135.3, 3), (32.1, 136.2, 3), (33.3, 137.1, 3), (34.6, 138.2, 3), (35.9, 139.7, 3), (37.3, 141.4, 3)]",LAN
2017292N13151,"[(10.3, 145.6, 0), (10.7, 144.8, 3), (11.1, 144.1, 3), (11.5, 143.5, 3), (11.9, 142.9, 3), (12.3, 142.0, 3), (12.7, 141.1, 3), (13.0, 140.2, 3), (13.2, 139.3, 3), (13.4, 138.3, 3), (13.7, 137.3, 3), (14.0, 136.6, 3), (14.4, 136.0, 3), (14.9, 135.5, 3), (15.4, 135.1, 3), (16.0, 134.7, 3), (16.5, 134.4, 3), (17.0, 134.0, 3), (17.3, 133.5, 3), (17.5, 133.1, 3), (17.7, 132.7, 3), (18.0, 132.3, 3), (18.3, 131.9, 3), (18.7, 131.4, 3), (19.2, 130.9, 3), (19.8, 130.6, 3), (20.3, 130.3, 3), (20.7, 130.0, 3), (21.1, 129.6, 3), (21.8, 129.2, 3), (22.5, 128.8, 3), (22.9, 128.6, 3), (23.3, 128.5, 3), (23.9, 128.4, 3), (24.6, 128.3, 3), (25.3, 128.3, 3), (25.9, 128.3, 3), (26.4, 128.3, 3), (26.6, 128.4, 1), (27.0, 128.5, 2), (27.6, 128.7, 3), (28.4, 129.2, 3), (29.3, 129.9, 3), (30.2, 130.8, 3), (30.8, 131.8, 3), (31.3, 132.9, 3), (31.8, 134.0, 3), (32.4, 135.5, 3), (33.4, 137.7, 3), (34.5, 140.4, 3)]",SAOLA
2017304N11127,"[(10.2, 123.4, 0), (10.6, 122.9, 3), (11.0, 122.4, 3), (11.3, 121.9, 3), (11.5, 121.5, 3), (11.8, 121.1, 3), (12.1, 120.6, 3), (12.3, 120.0, 3), (12.4, 119.4, 3), (12.5, 119.0, 3), (12.6, 118.6, 3), (12.6, 118.2, 3), (12.6, 117.8, 3), (12.6, 117.4, 3), (12.7, 117.0, 3), (12.7, 116.5, 3), (12.7, 115.9, 3), (12.7, 115.1, 3), (12.7, 114.4, 3), (12.7, 114.0, 3), (12.7, 113.6, 3), (12.7, 113.2, 3), (12.8, 112.7, 3), (12.9, 112.3, 3), (12.9, 111.8, 3), (12.9, 111.2, 3), (12.8, 110.5, 3), (12.7, 109.9, 3), (12.6, 109.3, 3), (12.4, 108.6, 3), (12.3, 107.9, 3), (12.3, 107.2, 3), (12.3, 106.5, 3), (12.4, 105.9, 3), (12.6, 105.4, 3)]",DAMREY
2017312N10134,"[(13.3, 122.6, 0), (13.5, 122.1, 3), (13.7, 121.5, 3), (14.0, 120.9, 3), (14.3, 120.3, 3), (14.6, 119.7, 3), (14.9, 119.1, 3), (15.4, 118.5, 3), (16.0, 118.1, 3), (16.4, 117.9, 3), (16.8, 117.7, 3), (17.1, 117.4, 3), (17.3, 117.0, 3), (17.6, 116.5, 3), (17.8, 115.9, 3), (17.8, 115.4, 3), (17.8, 114.9, 3), (17.8, 114.5, 3), (17.7, 114.2, 3), (17.7, 113.8, 3), (17.6, 113.4, 3), (17.5, 113.1, 3), (17.5, 112.9, 3), (17.5, 112.6, 3), (17.4, 112.3, 3)]",HAIKUI
2017321N07124,"[(8.7, 121.7, 0), (8.9, 121.0, 3), (9.2, 120.3, 3), (9.6, 119.5, 3), (9.9, 118.7, 3), (10.2, 118.1, 3), (10.4, 117.6, 3), (10.6, 116.9, 3), (10.8, 116.1, 3), (10.9, 115.5, 3), (11.0, 115.0, 3), (11.2, 114.4, 3), (11.3, 113.8, 3), (11.4, 113.3, 3), (11.3, 112.8, 3), (11.1, 112.4, 3), (10.7, 112.1, 3)]",KIROGI
2017347N11131,"[(10.8, 130.5, 0), (11.1, 130.2, 3), (11.3, 129.9, 3), (11.4, 129.6, 3), (11.5, 129.2, 3), (11.6, 128.8, 3), (11.7, 128.3, 3), (11.7, 127.7, 3), (11.6, 127.3, 3), (11.5, 127.2, 3), (11.4, 127.3, 3), (11.3, 127.4, 3), (11.3, 127.5, 3), (11.3, 127.6, 3), (11.3, 127.7, 3), (11.3, 127.7, 3), (11.4, 127.7, 3), (11.5, 127.7, 3), (11.6, 127.7, 3), (11.7, 127.6, 3), (11.7, 127.5, 3), (11.8, 127.5, 3), (11.9, 127.4, 3), (12.1, 127.2, 3), (12.2, 127.0, 3), (12.3, 126.7, 3), (12.3, 126.3, 3), (12.4, 126.0, 3), (12.4, 125.8, 3), (12.3, 125.5, 3), (12.2, 125.2, 3), (12.1, 125.0, 3), (12.0, 124.7, 3), (11.9, 124.4, 3), (11.7, 124.0, 3), (11.5, 123.3, 3), (11.3, 122.6, 3), (11.2, 122.1, 3), (11.2, 121.7, 3), (11.1, 121.1, 3), (10.9, 120.5, 3), (10.7, 120.0, 3), (10.5, 119.5, 3), (10.3, 119.1, 3), (10.2, 118.8, 3), (10.2, 118.4, 3), (10.1, 117.9, 3), (9.9, 117.4, 3), (9.7, 117.0, 3), (9.5, 116.6, 3), (9.2, 116.2, 3), (8.9, 115.7, 3), (8.7, 115.3, 3), (8.5, 115.0, 3), (8.3, 114.7, 3), (8.0, 114.3, 3), (7.8, 113.9, 3), (7.6, 113.5, 3), (7.5, 113.2, 3), (7.4, 112.8, 3), (7.3, 112.5, 3), (7.1, 112.3, 3), (7.0, 112.0, 3), (6.9, 111.7, 3), (6.8, 111.3, 3), (6.6, 110.8, 3), (6.5, 110.2, 3), (6.4, 109.5, 3), (6.3, 108.9, 3), (6.2, 108.5, 3), (6.1, 108.2, 3), (6.0, 107.9, 3), (5.8, 107.5, 3), (5.6, 107.1, 3), (5.5, 106.8, 3)]",KAI-TAK
2017354N08134,"[(8.3, 132.2, 0), (8.4, 131.5, 3), (8.5, 130.8, 3), (8.4, 130.2, 3), (8.3, 129.7, 3), (8.2, 129.1, 3), (8.1, 128.6, 3), (8.0, 128.1, 3), (7.9, 127.7, 3), (7.8, 127.2, 3), (7.8, 126.7, 3), (7.7, 126.2, 3), (7.7, 125.6, 3), (7.7, 124.7, 3), (7.8, 123.7, 3), (7.8, 122.9, 3), (7.8, 122.3, 3), (7.8, 121.9, 3), (7.8, 121.5, 3), (7.8, 120.9, 3), (7.7, 120.2, 3), (7.6, 119.6, 3), (7.6, 118.9, 3), (7.6, 118.2, 3), (7.6, 117.5, 3), (7.7, 116.7, 3), (7.8, 115.9, 3), (7.9, 115.3, 3), (8.0, 114.7, 3), (8.2, 114.0, 3), (8.3, 113.3, 3), (8.3, 112.5, 3), (8.3, 111.7, 3), (8.3, 111.2, 3), (8.2, 110.8, 3), (8.1, 110.3, 3), (8.1, 109.8, 3), (8.1, 109.4, 3), (8.2, 108.9, 3), (8.3, 108.2, 3), (8.3, 107.5, 3), (8.3, 106.7, 3), (8.2, 106.0, 3), (8.2, 105.5, 3), (8.3, 105.1, 3)]",TEMBIN
2017364N07138,"[(9.0, 122.2, 0), (9.1, 121.5, 3), (9.2, 120.8, 3), (9.2, 120.1, 3), (9.3, 119.4, 3), (9.6, 118.6, 3), (9.9, 117.7, 3), (10.1, 116.9, 3), (10.4, 116.2, 3), (10.8, 115.5, 3), (11.1, 114.7, 3), (11.3, 113.9, 3), (11.5, 113.2, 3), (11.7, 112.5, 3), (11.8, 111.9, 3), (11.9, 111.5, 3), (12.1, 111.1, 3)]",BOLAVEN
2018039N08151,"[(5.7, 137.2, 0), (6.0, 136.6, 3), (6.3, 136.0, 3), (6.6, 135.4, 3), (6.9, 134.7, 3), (7.1, 134.1, 3), (7.2, 133.5, 3), (7.3, 132.8, 3), (7.3, 132.1, 3), (7.4, 131.6, 3), (7.5, 131.0, 3), (7.6, 130.3, 3), (7.9, 129.4, 3), (8.4, 128.5, 3), (8.8, 127.5, 3), (9.1, 126.6, 3), (9.2, 125.8, 3), (9.3, 125.3, 3), (9.3, 124.8, 3), (9.3, 124.3, 3), (9.2, 123.6, 3), (8.9, 122.8, 3), (8.4, 121.8, 3), (7.8, 120.7, 3), (7.2, 119.9, 3), (6.9, 119.6, 3), (6.8, 119.5, 3), (6.7, 119.2, 3), (6.8, 119.1, 3), (7.0, 119.3, 3), (7.3, 119.5, 3), (7.6, 119.6, 3), (7.8, 119.5, 3)]",SANBA
2018082N04147,"[(5.2, 146.1, 0), (5.3, 145.5, 3), (5.4, 144.9, 3), (5.5, 144.3, 3), (5.6, 143.7, 3), (5.7, 143.0, 3), (5.8, 142.3, 3), (5.9, 141.6, 3), (6.0, 140.9, 3), (6.1, 140.3, 3), (6.3, 139.8, 3), (6.5, 139.3, 3), (6.6, 138.8, 3), (6.7, 138.4, 3), (6.8, 138.1, 3), (7.0, 137.7, 3), (7.3, 137.3, 3), (7.7, 136.8, 3), (8.1, 136.4, 3), (8.5, 136.1, 3), (8.9, 135.9, 3), (9.2, 135.6, 3), (9.5, 135.3, 3), (9.7, 135.1, 3), (9.8, 135.0, 3), (9.8, 135.0, 3), (9.9, 135.1, 3), (10.0, 135.3, 3), (10.2, 135.4, 3), (10.6, 135.5, 3), (11.1, 135.5, 3), (11.4, 135.6, 3), (11.8, 135.6, 3), (12.5, 135.6, 3), (13.2, 135.5, 3), (13.9, 135.5, 3), (14.5, 135.4, 3), (14.8, 135.3, 3), (15.0, 135.3, 3), (15.2, 135.3, 3), (15.3, 135.4, 3), (15.3, 135.5, 3), (15.3, 135.6, 3), (15.2, 135.9, 3), (15.2, 136.2, 3), (15.2, 136.5, 3), (15.3, 136.8, 3), (15.5, 137.0, 3), (15.7, 137.3, 3), (15.9, 137.7, 3), (16.2, 138.1, 3), (16.5, 138.5, 3), (16.8, 139.0, 3), (17.2, 139.5, 3), (17.5, 139.9, 3), (17.8, 140.4, 3), (18.0, 140.8, 3), (18.3, 141.3, 3), (18.6, 141.7, 3), (18.8, 142.1, 3), (18.9, 142.4, 3), (19.1, 142.8, 3), (19.2, 143.3, 3), (19.3, 144.1, 3), (19.4, 145.0, 3), (19.6, 145.6, 3), (19.9, 146.0, 3)]",JELAWAT
2018153N12113,"[(17.5, 110.8, 0), (17.9, 110.9, 3), (18.3, 111.0, 3), (18.9, 111.1, 3), (19.5, 111.1, 3), (20.1, 111.1, 3), (20.5, 111.1, 3), (20.6, 111.0, 3), (20.6, 110.8, 3), (20.6, 110.7, 3), (20.5, 110.6, 3), (20.4, 110.5, 3), (20.4, 110.5, 3), (20.4, 110.6, 3), (20.5, 110.7, 3), (20.6, 110.8, 3), (20.8, 111.0, 3), (20.9, 111.1, 3), (21.0, 111.3, 3), (21.2, 111.6, 3), (21.5, 111.8, 3), (21.8, 111.9, 3), (22.2, 112.0, 3), (22.5, 112.1, 3), (22.7, 112.2, 3), (22.9, 112.3, 3), (23.1, 112.3, 3)]",EWINIAR
2018155N10132,"[(13.0, 129.1, 0), (13.5, 128.9, 3), (14.0, 128.6, 3), (14.5, 128.1, 3), (15.0, 127.5, 3), (15.4, 126.6, 3), (15.7, 125.8, 3), (16.0, 125.4, 3), (16.3, 125.2, 3), (16.6, 125.1, 3), (17.0, 125.3, 3), (17.3, 125.7, 3), (17.7, 126.1, 3), (18.2, 126.4, 3), (18.7, 126.5, 3), (19.1, 126.6, 3), (19.5, 126.6, 3), (19.9, 126.6, 3), (20.4, 126.7, 3), (20.9, 126.8, 3), (21.4, 127.0, 3), (21.8, 127.1, 3), (22.1, 127.3, 3), (22.3, 127.5, 3), (22.6, 127.9, 3), (23.0, 128.4, 3), (23.6, 129.0, 3), (24.4, 129.8, 3), (25.2, 130.6, 3), (25.8, 131.3, 3), (26.3, 132.1, 3), (27.0, 133.1, 3), (27.7, 134.2, 3), (28.4, 135.3, 3), (29.2, 136.3, 3), (30.2, 137.2, 3), (31.2, 138.3, 3), (32.3, 139.7, 3), (33.3, 141.3, 3), (34.2, 142.9, 3), (35.0, 144.5, 3), (35.5, 146.0, 3), (35.9, 147.4, 3)]",MALIKSI
2018165N22117,"[(21.2, 115.2, 0), (21.1, 116.4, 3), (21.2, 117.5, 3), (21.5, 118.3, 3), (21.9, 118.8, 3), (22.1, 119.2, 3), (22.2, 119.5, 3), (22.4, 120.0, 3), (22.5, 120.4, 3), (22.6, 120.6, 3), (22.8, 120.7, 3), (22.9, 121.0, 3), (23.2, 121.6, 3), (23.8, 122.8, 3), (24.5, 124.0, 3), (24.9, 124.7, 3), (25.3, 125.4, 3), (25.8, 126.3, 3), (26.3, 127.2, 3), (26.6, 127.9, 3), (26.9, 128.6, 3), (27.2, 129.5, 3), (27.4, 130.2, 3), (27.5, 130.6, 3), (27.7, 130.9, 3), (28.0, 131.4, 3), (28.5, 132.1, 3)]",GAEMI
2018179N19134,"[(19.5, 131.5, 0), (19.6, 131.3, 3), (19.6, 131.0, 3), (19.6, 130.7, 3), (19.6, 130.5, 3), (19.6, 130.3, 3), (19.7, 130.1, 3), (19.8, 130.0, 3), (19.9, 129.9, 3), (20.0, 129.9, 3), (20.2, 129.8, 3), (20.5, 129.7, 3), (20.8, 129.5, 3), (21.0, 129.3, 3), (21.2, 129.1, 3), (21.5, 128.9, 3), (21.8, 128.6, 3), (22.3, 128.3, 3), (22.8, 127.9, 3), (23.2, 127.6, 3), (23.6, 127.4, 3), (24.1, 127.2, 3), (24.6, 127.1, 3), (25.0, 127.0, 3), (25.3, 126.9, 3), (25.7, 126.8, 3), (26.2, 126.8, 3), (26.7, 126.9, 3), (27.2, 127.0, 3), (27.7, 127.2, 3), (28.2, 127.4, 3), (28.9, 127.7, 3), (29.5, 127.8, 3), (30.1, 127.8, 3), (30.7, 127.9, 3), (31.3, 128.0, 3), (31.9, 128.2, 3), (32.6, 128.4, 3), (33.3, 128.7, 3), (33.8, 129.1, 3), (34.3, 129.7, 3), (35.0, 130.4, 3), (35.6, 130.9, 3), (36.5, 131.6, 3), (37.3, 132.4, 3), (38.2, 133.4, 3), (39.0, 134.6, 3), (39.8, 135.9, 3), (40.6, 137.0, 3)]",PRAPIROON
2018184N10147,"[(11.2, 147.0, 0), (11.4, 146.8, 3), (11.6, 146.6, 3), (11.7, 146.4, 3), (11.8, 146.3, 3), (11.9, 146.2, 3), (12.1, 146.0, 3), (12.3, 145.7, 3), (12.6, 145.3, 3), (12.9, 145.0, 3), (13.2, 144.8, 3), (13.5, 144.5, 3), (13.9, 144.2, 3), (14.2, 143.9, 3), (14.5, 143.6, 3), (14.7, 143.2, 3), (14.8, 142.8, 3), (15.1, 142.6, 3), (15.4, 142.4, 3), (15.7, 142.3, 3), (16.0, 142.1, 3), (16.3, 141.9, 3), (16.5, 141.6, 3), (16.6, 141.4, 3), (16.7, 141.3, 3), (16.8, 141.1, 3), (16.9, 141.0, 3), (17.0, 140.9, 3), (17.1, 140.8, 3), (17.3, 140.8, 3), (17.5, 140.7, 3), (17.7, 140.6, 3), (18.0, 140.4, 3), (18.2, 140.1, 3), (18.4, 139.8, 3), (18.7, 139.4, 3), (19.1, 138.9, 3), (19.5, 138.4, 3), (19.9, 137.8, 3), (20.2, 137.2, 3), (20.5, 136.6, 3), (20.8, 135.9, 3), (21.1, 135.1, 3), (21.4, 134.4, 3), (21.8, 133.6, 3), (22.1, 132.7, 3), (22.4, 131.9, 3), (22.7, 131.1, 3), (23.0, 130.4, 3), (23.3, 129.6, 3), (23.5, 128.8, 3), (23.7, 128.0, 3), (24.0, 127.2, 3), (24.3, 126.3, 3), (24.7, 125.5, 3), (25.0, 124.8, 3), (25.3, 124.1, 3), (25.7, 123.3, 3), (26.1, 122.3, 3), (26.3, 121.2, 3), (26.4, 120.1, 3), (26.7, 119.1, 3), (27.0, 118.2, 3), (27.3, 117.5, 3), (27.6, 116.8, 3), (27.9, 116.1, 3), (28.1, 115.4, 3)]",MARIA
2018195N19138,"[(18.7, 122.2, 0), (18.9, 121.4, 3), (19.1, 120.5, 3), (19.2, 119.5, 3), (19.2, 118.3, 3), (19.2, 116.9, 3), (19.2, 115.5, 3), (19.1, 114.4, 3), (19.0, 113.5, 3), (18.9, 112.4, 3), (18.8, 111.4, 3), (18.8, 110.4, 3), (18.8, 109.5, 3), (18.8, 108.6, 3), (18.8, 107.8, 3), (18.8, 107.3, 3), (18.8, 106.9, 3), (18.9, 106.4, 3), (19.0, 105.8, 3), (19.1, 105.2, 3), (19.1, 104.7, 3)]",SON-TINH
2018199N18128,"[(19.1, 127.4, 0), (19.2, 127.7, 3), (19.4, 127.9, 3), (19.6, 128.2, 3), (19.7, 128.5, 3), (19.7, 129.1, 3), (19.7, 129.6, 3), (19.7, 129.9, 3), (19.8, 130.2, 3), (19.8, 130.5, 3), (19.9, 130.8, 3), (20.1, 131.1, 3), (20.5, 131.3, 3), (20.9, 131.5, 3), (21.4, 131.5, 3), (21.7, 131.4, 3), (22.0, 131.2, 3), (22.3, 131.0, 3), (22.6, 130.8, 3), (22.8, 130.7, 3), (23.1, 130.5, 3), (23.5, 130.3, 3), (24.0, 130.0, 3), (24.7, 129.7, 3), (25.5, 129.2, 3), (26.3, 128.5, 3), (26.8, 128.0, 2), (27.0, 127.8, 1), (27.4, 127.2, 3), (27.8, 126.7, 3), (28.3, 126.1, 3), (28.8, 125.4, 3), (29.3, 124.7, 3), (29.7, 124.0, 3), (30.1, 123.4, 3), (30.5, 122.9, 3), (31.2, 122.3, 3), (31.8, 121.7, 3), (32.2, 121.3, 3), (32.6, 120.9, 3), (33.0, 120.5, 3), (33.5, 120.1, 3), (33.9, 119.7, 3), (34.3, 119.3, 3), (34.7, 119.0, 3), (35.2, 118.7, 3)]",AMPIL
2018202N21159,"[(23.6, 159.5, 0), (24.0, 159.4, 3), (24.5, 159.4, 3), (25.0, 159.5, 3), (25.5, 159.5, 3), (26.0, 159.4, 3), (26.4, 159.3, 3), (26.9, 159.2, 3), (27.3, 159.1, 3), (27.7, 159.0, 3), (28.2, 159.0, 3), (28.6, 158.9, 3), (29.1, 158.9, 3), (29.6, 158.9, 3), (30.1, 158.8, 3), (30.5, 158.7, 3), (30.9, 158.6, 3), (31.2, 158.5, 3), (31.6, 158.3, 3), (32.1, 158.1, 3), (32.6, 158.0, 3), (33.2, 157.9, 3), (33.8, 157.8, 3), (34.5, 157.6, 3), (35.3, 157.3, 3), (36.1, 156.8, 3), (36.9, 156.1, 3), (37.7, 155.4, 3), (38.4, 154.8, 3), (38.9, 154.4, 3), (39.4, 153.9, 3), (40.2, 153.2, 3), (41.0, 152.5, 3), (41.8, 152.1, 3), (42.6, 151.9, 3)]",WUKONG
2018204N15137,"[(17.4, 136.8, 0), (18.0, 136.9, 3), (18.6, 137.0, 3), (19.2, 136.9, 3), (19.7, 136.8, 3), (20.1, 136.7, 3), (20.4, 136.7, 3), (20.8, 136.7, 3), (21.1, 136.8, 3), (21.4, 136.9, 3), (21.6, 137.1, 3), (21.7, 137.3, 3), (21.8, 137.4, 3), (21.8, 137.5, 3), (21.9, 137.7, 3), (22.0, 138.0, 3), (22.1, 138.3, 3), (22.3, 138.7, 3), (22.6, 139.2, 3), (22.9, 139.7, 3), (23.3, 140.2, 3), (23.6, 140.6, 3), (24.0, 141.1, 3), (24.4, 141.8, 3), (25.0, 142.5, 3), (25.7, 143.2, 3), (26.5, 143.8, 3), (27.4, 144.3, 3), (28.3, 144.5, 3), (29.3, 144.6, 3), (30.3, 144.3, 3), (31.3, 143.7, 3), (32.3, 142.8, 3), (33.2, 141.7, 3), (33.8, 140.5, 3), (34.1, 139.5, 3), (34.3, 138.5, 3), (34.4, 137.2, 3), (34.5, 136.7, 1), (34.5, 135.8, 2), (34.5, 134.4, 3), (34.4, 133.1, 3), (34.4, 132.1, 3), (34.2, 131.3, 3), (33.9, 130.9, 2), (33.8, 130.7, 1), (33.2, 130.2, 3), (32.8, 129.9, 2), (32.7, 129.8, 1), (32.1, 129.5, 3), (31.5, 129.3, 3), (30.9, 129.3, 3), (30.5, 129.3, 3), (30.2, 129.3, 3), (29.6, 129.4, 3), (29.1, 129.6, 3), (28.9, 130.0, 3), (28.9, 130.6, 3), (29.0, 131.2, 3), (29.3, 131.6, 3), (29.9, 131.7, 3), (30.4, 131.5, 3), (30.6, 131.0, 3), (30.6, 130.3, 3), (30.6, 129.6, 3), (30.5, 128.9, 3), (30.3, 128.4, 3), (30.1, 127.9, 3), (29.8, 127.4, 3), (29.4, 127.1, 3), (29.1, 127.0, 3), (28.9, 127.0, 3), (28.6, 126.6, 3), (28.5, 126.3, 3), (28.6, 126.3, 3), (28.8, 126.5, 3), (29.1, 126.7, 3), (29.3, 126.7, 3), (29.3, 126.3, 3), (29.4, 125.4, 3), (29.9, 124.0, 3), (30.5, 122.7, 3), (30.7, 122.1, 3), (30.7, 121.8, 3), (30.7, 121.4, 3), (30.9, 121.1, 3), (31.3, 120.8, 3), (31.9, 120.4, 3)]",JONGDARI
2018213N12245,"[(25.7, 178.6, 0), (25.7, 178.0, 3), (25.8, 177.4, 3), (26.0, 176.7, 3), (26.2, 176.0, 3), (26.5, 175.2, 3), (26.9, 174.4, 3), (27.3, 173.4, 3), (27.7, 172.4, 3), (28.1, 171.6, 3), (28.6, 170.9, 3)]",HECTOR
2018214N19153,"[(18.4, 151.7, 0), (18.2, 151.5, 3), (18.1, 151.3, 3), (18.0, 151.1, 3), (18.0, 151.0, 3), (18.0, 150.9, 3), (18.0, 150.7, 3), (18.0, 150.5, 3), (18.1, 150.4, 3), (18.2, 150.3, 3), (18.4, 150.1, 3), (18.7, 149.9, 3), (19.1, 149.7, 3), (19.6, 149.5, 3), (20.1, 149.3, 3), (20.5, 149.0, 3), (20.9, 148.7, 3), (21.3, 148.5, 3), (21.7, 148.3, 3), (22.1, 148.1, 3), (22.4, 147.8, 3), (22.6, 147.6, 3), (22.9, 147.4, 3), (23.4, 147.3, 3), (24.0, 147.3, 3), (24.4, 147.3, 3), (24.7, 147.2, 3), (25.2, 146.9, 3), (25.7, 146.6, 3), (26.1, 146.4, 3), (26.5, 146.3, 3), (27.0, 146.2, 3), (27.6, 146.1, 3), (28.1, 145.9, 3), (28.6, 145.7, 3), (29.1, 145.4, 3), (29.6, 145.0, 3), (30.1, 144.6, 3), (30.5, 144.3, 3), (30.9, 144.0, 3), (31.2, 143.8, 3), (31.6, 143.5, 3), (32.0, 143.1, 3), (32.3, 142.7, 3), (32.5, 142.3, 3), (32.8, 142.0, 3), (33.2, 141.7, 3), (33.5, 141.5, 3), (33.8, 141.3, 3), (34.1, 141.2, 3), (34.4, 141.1, 3), (34.7, 141.0, 3), (35.1, 140.9, 3), (35.7, 140.9, 3), (36.3, 141.0, 3), (36.8, 141.2, 3), (37.2, 141.6, 3), (37.5, 142.1, 3), (37.7, 142.8, 3), (37.9, 143.6, 3), (38.3, 144.6, 3), (38.9, 145.7, 3), (39.6, 147.2, 3), (40.3, 149.1, 3), (41.0, 151.2, 3)]",SHANSHAN
2018218N18134,"[(19.0, 132.7, 0), (19.2, 132.8, 3), (19.3, 132.7, 3), (19.2, 132.5, 3), (19.2, 132.4, 3), (19.3, 132.8, 3), (19.5, 133.3, 3), (19.7, 133.7, 3), (19.9, 134.0, 3), (20.3, 134.2, 3), (20.6, 134.3, 3), (20.8, 134.1, 3), (20.8, 133.7, 3), (20.8, 133.4, 3), (20.8, 133.2, 3), (20.8, 133.3, 3), (21.0, 133.5, 3), (21.5, 133.3, 3), (22.1, 133.0, 3), (22.5, 132.6, 3), (22.8, 132.2, 3), (22.7, 132.0, 3), (22.6, 132.0, 3), (22.9, 132.0, 3), (23.3, 131.9, 3), (23.8, 131.4, 3), (24.3, 130.8, 3), (24.7, 130.2, 3), (24.9, 129.5, 3), (25.0, 128.8, 3), (25.0, 128.1, 3), (24.9, 127.3, 3), (24.9, 126.6, 3), (25.0, 126.0, 3), (25.1, 125.5, 3), (25.2, 125.1, 3), (25.5, 124.6, 3), (26.0, 124.0, 3), (26.6, 123.3, 3), (27.0, 122.7, 3), (27.5, 122.1, 3), (28.1, 121.6, 3), (28.8, 120.9, 3), (29.7, 120.0, 3), (30.6, 119.0, 3), (31.2, 118.3, 3), (31.7, 117.7, 3)]",YAGI
2018221N17112,"[(20.6, 112.2, 0), (20.6, 112.4, 3), (20.6, 112.6, 3), (20.6, 112.7, 3), (20.6, 112.8, 3), (20.6, 112.9, 3), (20.6, 113.1, 3), (20.6, 113.3, 3), (20.5, 113.4, 3), (20.5, 113.5, 3), (20.5, 113.6, 3), (20.6, 113.8, 3), (20.8, 113.9, 3), (20.9, 113.9, 3), (21.0, 113.7, 3), (21.1, 113.5, 3), (21.1, 113.3, 3), (21.1, 113.2, 3), (21.0, 113.0, 3), (21.0, 112.6, 3), (21.0, 112.1, 3), (21.0, 111.7, 3), (21.0, 111.3, 3), (21.0, 111.0, 3), (20.9, 110.7, 3), (20.8, 110.1, 3), (20.6, 109.5, 3), (20.5, 109.1, 3), (20.4, 108.8, 3), (20.3, 108.5, 3), (20.1, 108.1, 3), (19.9, 107.8, 3), (19.8, 107.4, 3), (19.6, 107.0, 3), (19.5, 106.5, 3), (19.4, 105.9, 3), (19.3, 105.3, 3), (19.2, 104.6, 3), (19.2, 103.9, 3)]",BEBINCA
2018222N16147,"[(19.1, 144.1, 0), (19.5, 144.0, 3), (19.9, 143.8, 3), (20.3, 143.6, 3), (20.8, 143.4, 3), (21.2, 143.2, 3), (21.7, 142.9, 3), (22.2, 142.5, 3), (22.7, 142.1, 3), (23.0, 141.8, 3), (23.4, 141.5, 3), (23.9, 141.1, 3), (24.4, 140.7, 3), (25.0, 140.2, 3), (25.6, 139.7, 3), (26.1, 139.1, 3), (26.5, 138.5, 3), (27.0, 138.1, 3), (27.4, 137.8, 3), (27.8, 137.4, 3), (28.2, 137.0, 3), (28.6, 136.6, 3), (29.1, 136.1, 3), (29.7, 135.4, 3), (30.3, 134.6, 3), (30.8, 133.9, 3), (31.2, 133.1, 3), (31.7, 132.2, 3), (32.1, 131.7, 2), (32.3, 131.4, 1), (33.1, 130.7, 3), (34.0, 130.0, 3)]",LEEPI
2018226N23128,"[(27.0, 127.4, 0), (27.5, 127.2, 3), (28.0, 126.9, 3), (28.5, 126.4, 3), (29.0, 125.9, 3), (29.3, 125.6, 3), (29.5, 125.3, 3), (29.7, 125.1, 3), (29.8, 124.8, 3), (30.0, 124.5, 3), (30.1, 124.1, 3), (30.2, 123.6, 3), (30.3, 123.0, 3), (30.3, 122.5, 3), (30.4, 122.0, 3), (30.6, 121.4, 3), (30.9, 120.7, 3), (31.2, 119.9, 3), (31.4, 119.1, 3), (31.5, 118.3, 3), (31.6, 117.5, 3), (31.7, 116.8, 3), (31.7, 116.1, 3)]",RUMBIA
2018227N11145,"[(12.5, 144.3, 0), (13.2, 144.2, 3), (13.9, 144.0, 3), (14.6, 143.6, 3), (15.3, 143.2, 3), (16.0, 142.8, 3), (16.8, 142.4, 3), (17.5, 142.0, 3), (18.3, 141.7, 3), (19.2, 141.6, 3), (20.1, 141.5, 3), (20.8, 141.1, 3), (21.5, 140.7, 3), (22.3, 140.4, 3), (23.0, 140.2, 3), (23.4, 140.1, 3), (23.7, 140.1, 3), (24.0, 140.0, 3), (24.3, 140.0, 3), (24.5, 140.0, 3), (24.6, 140.0, 3), (24.7, 140.0, 3), (24.8, 140.0, 3), (24.8, 140.0, 3), (24.8, 139.9, 3), (24.8, 139.9, 3), (24.8, 139.8, 3), (24.9, 139.5, 3), (25.0, 139.2, 3), (25.1, 139.0, 3), (25.1, 138.8, 3), (25.1, 138.5, 3), (25.2, 138.2, 3), (25.4, 137.8, 3), (25.6, 137.4, 3), (25.6, 137.0, 3), (25.6, 136.5, 3), (25.8, 136.0, 3), (26.0, 135.5, 3), (26.2, 135.0, 3), (26.4, 134.5, 3), (26.7, 133.9, 3), (27.0, 133.3, 3), (27.3, 132.7, 3), (27.6, 132.2, 3), (27.9, 131.6, 3), (28.2, 131.0, 3), (28.5, 130.5, 3), (28.9, 129.9, 3), (29.3, 129.2, 3), (29.6, 128.6, 3), (29.8, 128.1, 3), (30.1, 127.7, 3), (30.5, 127.3, 3), (31.0, 126.9, 3), (31.5, 126.5, 3), (32.0, 126.1, 3), (32.4, 125.8, 3), (32.6, 125.7, 3), (32.8, 125.6, 3), (33.1, 125.5, 3), (33.3, 125.5, 3), (33.6, 125.6, 3), (33.9, 125.8, 3), (34.3, 126.2, 3), (34.9, 126.6, 3), (35.9, 127.4, 3), (36.6, 128.0, 3), (37.3, 128.9, 3), (37.6, 129.4, 3), (38.1, 130.0, 3), (38.9, 130.9, 3), (39.7, 131.8, 3)]",SOULIK
2018229N11160,"[(13.7, 154.8, 0), (13.8, 154.6, 3), (14.0, 154.3, 3), (14.2, 154.0, 3), (14.4, 153.6, 3), (14.7, 153.0, 3), (14.9, 152.5, 3), (15.1, 152.2, 3), (15.2, 151.9, 3), (15.4, 151.5, 3), (15.5, 151.1, 3), (15.6, 150.8, 3), (15.8, 150.5, 3), (16.0, 150.2, 3), (16.3, 149.8, 3), (16.6, 149.5, 3), (16.9, 149.2, 3), (17.3, 148.7, 3), (17.7, 148.2, 3), (18.1, 147.8, 3), (18.4, 147.4, 3), (18.7, 146.9, 3), (19.1, 146.3, 3), (19.5, 145.7, 3), (20.0, 145.1, 3), (20.6, 144.5, 3), (21.1, 144.0, 3), (21.5, 143.4, 3), (21.9, 142.8, 3), (22.5, 142.1, 3), (23.1, 141.4, 3), (23.6, 140.7, 3), (24.2, 140.0, 3), (24.8, 139.5, 3), (25.4, 138.9, 3), (26.1, 138.1, 3), (26.8, 137.3, 3), (27.5, 136.6, 3), (28.3, 136.0, 3), (29.1, 135.4, 3), (29.9, 135.0, 3), (30.8, 134.6, 3), (31.7, 134.4, 3), (32.7, 134.4, 3), (33.9, 134.6, 3), (34.8, 134.7, 2), (35.2, 134.7, 1), (36.6, 135.0, 3), (37.9, 135.3, 3), (39.0, 135.9, 3), (40.1, 136.8, 3), (41.0, 137.9, 3), (41.6, 138.8, 3), (42.0, 139.6, 3)]",CIMARON
2018239N11161,"[(13.6, 158.6, 0), (14.1, 158.3, 3), (14.6, 158.0, 3), (15.0, 157.6, 3), (15.4, 157.2, 3), (15.7, 156.8, 3), (16.0, 156.3, 3), (16.3, 155.8, 3), (16.6, 155.2, 3), (16.7, 154.7, 3), (16.8, 154.3, 3), (16.9, 153.8, 3), (17.0, 153.4, 3), (17.1, 153.0, 3), (17.2, 152.5, 3), (17.2, 152.0, 3), (17.3, 151.5, 3), (17.4, 151.0, 3), (17.5, 150.4, 3), (17.6, 149.8, 3), (17.6, 149.2, 3), (17.6, 148.7, 3), (17.7, 148.2, 3), (17.8, 147.6, 3), (17.8, 146.9, 3), (17.8, 146.1, 3), (17.8, 145.4, 3), (17.8, 144.8, 3), (17.9, 144.2, 3), (18.1, 143.5, 3), (18.3, 142.7, 3), (18.4, 142.1, 3), (18.6, 141.5, 3), (18.8, 140.9, 3), (19.0, 140.3, 3), (19.3, 139.7, 3), (19.6, 139.2, 3), (19.9, 138.7, 3), (20.3, 138.3, 3), (20.6, 137.8, 3), (21.0, 137.3, 3), (21.4, 136.9, 3), (21.8, 136.6, 3), (22.2, 136.3, 3), (22.7, 135.9, 3), (23.2, 135.4, 3), (23.7, 135.0, 3), (24.1, 134.7, 3), (24.5, 134.4, 3), (25.0, 134.1, 3), (25.5, 133.8, 3), (25.9, 133.4, 3), (26.4, 133.1, 3), (26.9, 132.8, 3), (27.5, 132.6, 3), (28.0, 132.5, 3), (28.6, 132.5, 3), (29.4, 132.5, 3), (30.3, 132.7, 3), (31.2, 133.1, 3), (32.4, 133.8, 3), (33.4, 134.4, 2), (33.9, 134.7, 1), (34.5, 135.0, 1), (35.6, 135.7, 2), (37.3, 136.8, 3), (39.1, 137.8, 3), (41.2, 138.9, 3), (43.2, 139.7, 3), (44.9, 139.6, 3), (46.4, 139.0, 3)]",JEBI
2018250N12170,"[(12.5, 167.0, 0), (12.6, 166.2, 3), (12.8, 165.4, 3), (13.0, 164.6, 3), (13.2, 163.8, 3), (13.4, 163.1, 3), (13.7, 162.4, 3), (14.0, 161.6, 3), (14.3, 160.7, 3), (14.5, 159.9, 3), (14.6, 159.1, 3), (14.7, 158.4, 3), (14.8, 157.5, 3), (14.9, 156.3, 3), (15.0, 155.0, 3), (15.1, 153.9, 3), (15.2, 153.0, 3), (15.2, 152.2, 3), (15.1, 151.4, 3), (14.9, 150.4, 3), (14.7, 149.3, 3), (14.6, 148.4, 3), (14.5, 147.5, 3), (14.4, 146.6, 3), (14.3, 145.7, 3), (14.2, 144.9, 3), (14.1, 144.2, 3), (14.0, 143.5, 3), (14.0, 142.8, 3), (14.0, 142.1, 3), (14.0, 141.3, 3), (14.0, 140.5, 3), (13.9, 139.8, 3), (13.8, 139.2, 3), (13.8, 138.7, 3), (13.9, 138.0, 3), (14.0, 137.3, 3), (13.9, 136.7, 3), (13.9, 136.2, 3), (14.0, 135.7, 3), (14.1, 135.2, 3), (14.2, 134.6, 3), (14.3, 134.0, 3), (14.4, 133.2, 3), (14.4, 132.5, 3), (14.4, 131.9, 3), (14.5, 131.4, 3), (14.6, 130.8, 3), (14.7, 130.1, 3), (14.8, 129.5, 3), (14.9, 128.9, 3), (15.0, 128.4, 3), (15.2, 127.9, 3), (15.5, 127.4, 3), (15.9, 126.9, 3), (16.3, 126.3, 3), (16.7, 125.7, 3), (17.1, 124.9, 3), (17.4, 124.1, 3), (17.7, 123.2, 3), (18.0, 122.3, 3), (18.1, 121.4, 3), (18.1, 120.6, 3), (18.3, 120.1, 3), (18.5, 119.7, 3), (18.8, 119.0, 3), (19.1, 118.3, 3), (19.4, 117.6, 3), (19.8, 116.9, 3), (20.2, 116.1, 3), (20.6, 115.2, 3), (20.7, 114.9, 1), (20.9, 114.7, 1), (21.0, 114.4, 1), (21.1, 114.2, 1), (21.3, 113.9, 1), (21.4, 113.6, 1), (21.5, 113.3, 1), (21.7, 113.0, 1), (21.8, 112.6, 1), (21.9, 112.3, 1), (22.0, 111.9, 1), (22.1, 111.6, 1), (22.3, 110.5, 3), (22.4, 109.6, 3), (22.7, 108.9, 3), (23.0, 108.3, 3), (23.3, 107.7, 3), (23.6, 107.0, 3)]",MANGKHUT
2018251N20122,"[(21.3, 121.2, 0), (21.3, 120.8, 3), (21.3, 120.4, 3), (21.3, 120.0, 3), (21.2, 119.5, 3), (21.1, 119.0, 3), (21.0, 118.6, 3), (21.0, 118.2, 3), (20.9, 117.9, 3), (20.7, 117.5, 3), (20.6, 117.1, 3), (20.6, 116.7, 3), (20.6, 116.3, 3), (20.7, 115.9, 3), (20.8, 115.4, 3), (20.8, 115.0, 3), (20.9, 114.5, 3), (21.0, 113.9, 3), (21.1, 113.2, 3), (21.1, 112.5, 3), (21.1, 111.8, 3), (21.1, 111.2, 3), (21.1, 110.6, 3), (21.1, 109.8, 3), (21.1, 109.0, 3)]",BARIJAT
2018263N12146,"[(14.0, 145.2, 0), (14.3, 144.8, 3), (14.5, 144.4, 3), (14.7, 144.1, 3), (15.0, 143.7, 3), (15.3, 143.2, 3), (15.6, 142.6, 3), (15.8, 142.1, 3), (16.0, 141.5, 3), (16.2, 140.9, 3), (16.4, 140.2, 3), (16.5, 139.5, 3), (16.6, 138.9, 3), (16.6, 138.4, 3), (16.7, 137.8, 3), (16.8, 137.1, 3), (16.9, 136.3, 3), (16.9, 135.6, 3), (17.0, 135.1, 3), (17.1, 134.7, 3), (17.3, 134.3, 3), (17.4, 133.8, 3), (17.5, 133.3, 3), (17.8, 132.7, 3), (18.1, 132.2, 3), (18.3, 131.7, 3), (18.5, 131.3, 3), (18.7, 130.8, 3), (18.9, 130.4, 3), (19.2, 130.0, 3), (19.4, 129.7, 3), (19.5, 129.4, 3), (19.6, 129.1, 3), (19.6, 128.9, 3), (19.6, 128.8, 3), (19.7, 128.8, 3), (19.8, 128.8, 3), (19.9, 128.8, 3), (20.1, 128.8, 3), (20.2, 128.8, 3), (20.3, 128.9, 3), (20.4, 128.9, 3), (20.6, 129.0, 3), (20.8, 129.1, 3), (21.0, 129.2, 3), (21.1, 129.2, 3), (21.2, 129.2, 3), (21.3, 129.2, 3), (21.4, 129.2, 3), (21.4, 129.2, 3), (21.5, 129.2, 3), (21.6, 129.1, 3), (21.7, 129.0, 3), (21.8, 128.9, 3), (21.9, 128.8, 3), (22.0, 128.7, 3), (22.2, 128.5, 3), (22.4, 128.3, 3), (22.6, 128.0, 3), (22.9, 127.7, 3), (23.2, 127.4, 3), (23.5, 127.2, 3), (23.8, 127.0, 3), (24.1, 126.8, 3), (24.5, 126.7, 3), (24.9, 126.7, 3), (25.4, 126.8, 3), (25.8, 127.0, 3), (26.4, 127.3, 3), (27.2, 127.8, 3), (28.0, 128.4, 3), (28.6, 128.9, 3), (29.2, 129.5, 3), (29.9, 130.0, 3), (30.6, 130.7, 3), (31.5, 131.8, 3), (32.4, 133.1, 3), (33.2, 134.5, 3), (33.9, 135.5, 2), (34.3, 136.1, 1), (35.7, 138.1, 3), (37.4, 140.2, 3), (39.3, 142.2, 3), (41.3, 144.4, 3), (42.9, 147.2, 3), (44.3, 150.5, 3)]",TRAMI
2018271N06154,"[(8.6, 149.6, 0), (9.0, 148.8, 3), (9.6, 148.1, 3), (10.3, 147.4, 3), (11.0, 146.6, 3), (11.4, 145.7, 3), (11.7, 144.7, 3), (12.1, 143.3, 3), (12.4, 142.0, 3), (12.6, 141.2, 3), (12.7, 140.7, 3), (12.8, 140.1, 3), (13.0, 139.6, 3), (13.3, 139.1, 3), (13.7, 138.7, 3), (14.0, 138.3, 3), (14.3, 138.0, 3), (14.6, 137.6, 3), (14.9, 137.2, 3), (15.2, 136.8, 3), (15.4, 136.5, 3), (15.5, 136.2, 3), (15.6, 135.9, 3), (15.8, 135.6, 3), (16.1, 135.2, 3), (16.5, 134.8, 3), (16.8, 134.4, 3), (17.1, 134.1, 3), (17.3, 133.7, 3), (17.5, 133.2, 3), (17.7, 132.7, 3), (17.9, 132.4, 3), (18.2, 132.1, 3), (18.5, 131.7, 3), (18.9, 131.3, 3), (19.2, 130.9, 3), (19.5, 130.5, 3), (19.8, 130.1, 3), (20.2, 129.8, 3), (20.5, 129.5, 3), (20.9, 129.2, 3), (21.2, 128.9, 3), (21.6, 128.7, 3), (22.0, 128.4, 3), (22.4, 128.1, 3), (22.7, 127.9, 3), (23.1, 127.6, 3), (23.6, 127.3, 3), (24.3, 127.0, 3), (24.8, 126.8, 3), (25.4, 126.6, 3), (26.1, 126.3, 3), (26.7, 126.0, 3), (27.3, 125.7, 3), (27.8, 125.6, 3), (28.5, 125.5, 3), (29.3, 125.4, 3), (30.2, 125.5, 3), (31.0, 125.6, 3), (31.7, 125.8, 3), (32.8, 126.5, 3), (33.7, 127.3, 3), (34.6, 128.2, 3), (35.8, 129.2, 3), (37.0, 130.5, 3), (37.9, 131.7, 3), (38.8, 133.4, 3), (39.7, 135.0, 3), (40.5, 136.5, 3)]",KONG-REY
2018294N08161,"[(8.3, 159.1, 0), (8.3, 158.4, 3), (8.4, 157.8, 3), (8.5, 157.3, 3), (8.6, 156.9, 3), (8.8, 156.5, 3), (9.1, 156.1, 3), (9.4, 155.6, 3), (9.8, 155.1, 3), (10.1, 154.5, 3), (10.5, 153.9, 3), (10.9, 153.2, 3), (11.2, 152.6, 3), (11.4, 152.1, 3), (11.6, 151.6, 3), (11.7, 151.1, 3), (11.8, 150.6, 3), (11.9, 150.1, 3), (12.0, 149.7, 3), (12.3, 149.3, 3), (12.7, 148.9, 3), (13.0, 148.5, 3), (13.3, 148.0, 3), (13.6, 147.5, 3), (14.0, 147.1, 3), (14.3, 146.6, 3), (14.7, 146.2, 3), (15.1, 145.8, 3), (15.4, 145.3, 3), (15.6, 144.7, 3), (15.8, 144.1, 3), (15.9, 143.6, 3), (16.0, 143.2, 3), (16.1, 142.8, 3), (16.3, 142.4, 3), (16.5, 141.9, 3), (16.6, 141.4, 3), (16.7, 140.9, 3), (16.8, 140.3, 3), (16.9, 139.7, 3), (17.0, 139.1, 3), (17.1, 138.4, 3), (17.2, 137.6, 3), (17.3, 136.8, 3), (17.5, 136.1, 3), (17.6, 135.4, 3), (17.7, 134.7, 3), (17.8, 134.0, 3), (17.9, 133.4, 3), (17.9, 132.8, 3), (17.9, 132.2, 3), (17.9, 131.7, 3), (18.0, 131.2, 3), (18.0, 130.7, 3), (18.0, 130.2, 3), (18.0, 129.7, 3), (17.9, 129.1, 3), (17.8, 128.6, 3), (17.7, 128.1, 3), (17.6, 127.6, 3), (17.4, 127.1, 3), (17.1, 126.6, 3), (16.9, 126.2, 3), (16.8, 125.8, 3), (16.8, 125.3, 3), (16.8, 124.8, 3), (16.8, 124.2, 3), (16.8, 123.6, 3), (16.8, 123.0, 3), (16.7, 122.3, 3), (16.6, 121.5, 3), (16.6, 120.8, 3), (16.6, 120.1, 3), (16.6, 119.5, 3), (16.6, 119.0, 3), (16.6, 118.8, 3), (16.8, 118.7, 3), (17.1, 118.4, 3), (17.5, 118.0, 3), (17.8, 117.7, 3), (18.0, 117.4, 3), (18.1, 117.3, 3), (18.3, 117.3, 3), (18.7, 117.2, 3), (19.1, 117.0, 3), (19.4, 116.9, 3), (19.6, 116.8, 3), (19.8, 116.7, 3), (20.0, 116.5, 3), (20.2, 116.4, 3), (20.4, 116.3, 3), (20.5, 116.1, 3), (20.6, 115.9, 3), (20.7, 115.9, 3), (20.8, 116.0, 3)]",YUTU
2018311N07179,"[(10.8, 121.8, 0), (10.9, 121.0, 3), (10.9, 120.4, 3), (10.9, 120.0, 3), (10.8, 119.5, 3), (10.7, 118.8, 3), (10.7, 117.9, 3), (10.9, 116.9, 3), (11.1, 115.8, 3), (11.1, 114.9, 3), (11.1, 114.1, 3), (11.0, 113.6, 3), (10.9, 113.2, 3), (10.8, 112.9, 3), (10.8, 112.6, 3), (10.7, 112.1, 3), (10.6, 111.6, 3), (10.5, 111.1, 3), (10.3, 110.7, 3), (10.1, 110.4, 3), (10.0, 110.2, 3), (9.8, 109.8, 3), (9.7, 109.4, 3), (9.7, 109.0, 3), (9.7, 108.7, 3), (9.7, 108.4, 3), (9.7, 108.2, 3), (9.7, 107.9, 3), (9.7, 107.7, 3), (9.8, 107.6, 3), (10.0, 107.5, 3), (10.1, 107.4, 3), (10.3, 107.3, 3), (10.5, 107.1, 3), (10.7, 106.9, 3)]",USAGI
2018321N10113,"[(10.6, 111.8, 0), (10.8, 111.5, 3), (11.0, 111.2, 3), (11.1, 111.0, 3), (11.2, 110.7, 3), (11.4, 110.2, 3), (11.6, 109.7, 3), (11.6, 109.4, 3), (11.5, 109.2, 3)]",TORAJI
2018324N04156,"[(4.3, 156.2, 0), (4.2, 155.8, 3), (4.2, 155.4, 3), (4.2, 154.9, 3), (4.3, 154.4, 3), (4.5, 154.0, 3), (4.8, 153.5, 3), (5.3, 153.0, 3), (5.8, 152.4, 3), (6.2, 151.7, 3), (6.6, 150.9, 3), (7.0, 150.2, 3), (7.5, 149.3, 3), (8.1, 147.9, 3), (8.7, 146.3, 3), (9.1, 145.1, 3), (9.5, 144.0, 3), (9.9, 142.8, 3), (10.4, 141.7, 3), (11.1, 140.6, 3), (11.7, 139.7, 3), (12.1, 138.9, 3), (12.5, 138.2, 3), (13.0, 137.6, 3), (13.5, 137.0, 3), (14.1, 136.5, 3), (14.6, 136.1, 3), (15.0, 135.8, 3), (15.4, 135.5, 3), (15.7, 135.3, 3), (16.1, 135.2, 3), (16.6, 135.3, 3), (17.1, 135.4, 3), (17.5, 135.5, 3), (17.8, 135.5, 3), (18.1, 135.6, 3), (18.3, 135.7, 3), (18.5, 136.0, 3), (18.7, 136.2, 3), (18.7, 136.3, 3), (18.6, 136.2, 3), (18.5, 136.1, 3), (18.3, 136.0, 3), (18.2, 135.9, 3), (18.2, 135.8, 3), (18.4, 135.5, 3), (18.6, 135.0, 3), (18.8, 134.5, 3), (19.0, 134.0, 3), (19.2, 133.4, 3), (19.5, 132.9, 3), (19.8, 132.6, 3), (20.2, 132.4, 3), (20.6, 132.2, 3), (21.0, 132.0, 3)]",MAN-YI
2018365N08115,"[(5.8, 110.5, 0), (5.8, 110.1, 3), (5.8, 109.8, 3), (5.8, 109.5, 3), (5.8, 109.3, 3), (5.8, 109.0, 3), (5.9, 108.7, 3), (5.9, 108.4, 3), (5.9, 108.0, 3), (5.9, 107.6, 3), (6.0, 107.2, 3), (6.0, 106.7, 3), (6.1, 106.2, 3), (6.2, 105.5, 3), (6.2, 104.9, 3), (6.2, 104.5, 3), (6.2, 104.2, 3), (6.2, 103.9, 3), (6.4, 103.7, 3), (6.7, 103.4, 3), (7.1, 103.0, 3), (7.5, 102.3, 3), (7.8, 101.6, 3), (8.0, 100.9, 3), (8.2, 100.4, 3), (8.3, 100.0, 3), (8.3, 99.8, 3)]",PABUK
2019050N05163,"[(4.3, 160.5, 0), (4.4, 159.4, 3), (4.4, 158.4, 3), (4.4, 157.5, 3), (4.4, 156.8, 3), (4.4, 156.3, 3), (4.5, 155.8, 3), (4.5, 155.2, 3), (4.6, 154.6, 3), (4.7, 154.2, 3), (4.8, 153.8, 3), (4.9, 153.2, 3), (5.1, 152.6, 3), (5.3, 152.0, 3), (5.6, 151.4, 3), (5.9, 150.8, 3), (6.2, 150.3, 3), (6.5, 149.8, 3), (6.8, 149.4, 3), (7.0, 148.9, 3), (7.1, 148.5, 3), (7.3, 148.2, 3), (7.5, 147.9, 3), (7.9, 147.5, 3), (8.3, 147.0, 3), (8.8, 146.6, 3), (9.2, 146.1, 3), (9.6, 145.5, 3), (9.9, 145.0, 3), (10.1, 144.6, 3), (10.2, 144.2, 3), (10.4, 143.9, 3), (10.6, 143.6, 3), (11.0, 143.4, 3), (11.4, 143.2, 3), (11.7, 143.0, 3), (11.8, 142.9, 1), (12.0, 142.8, 2), (12.2, 142.6, 3), (12.4, 142.4, 3), (12.6, 142.2, 3), (12.7, 142.1, 3), (12.8, 141.9, 3), (12.9, 141.7, 3), (13.0, 141.5, 3), (13.0, 141.2, 3), (13.0, 140.9, 3), (13.1, 140.7, 3), (13.2, 140.5, 3), (13.4, 140.4, 3), (13.5, 140.2, 3), (13.7, 140.1, 3), (13.9, 140.1, 3), (14.2, 140.1, 3), (14.4, 140.0, 3), (14.6, 139.9, 3), (14.8, 139.9, 3), (14.9, 139.9, 3), (15.1, 139.9, 3), (15.2, 139.9, 3), (15.3, 139.9, 3), (15.4, 140.0, 3), (15.5, 140.1, 3), (15.7, 140.1, 3), (15.9, 140.1, 3), (16.0, 140.1, 3), (16.1, 140.1, 3), (16.2, 139.9, 3), (16.3, 139.5, 3), (16.4, 138.9, 3), (16.5, 138.4, 3), (16.7, 137.8, 3), (16.9, 137.3, 3), (17.2, 136.7, 3), (17.4, 136.1, 3), (17.6, 135.5, 3)]",WUTIP
2019176N18128,"[(21.1, 126.3, 0), (21.8, 126.5, 3), (22.4, 126.7, 3), (22.9, 126.8, 3), (23.5, 127.0, 3), (24.1, 127.3, 3), (24.8, 127.7, 3), (26.0, 128.3, 3), (27.2, 128.9, 3), (28.0, 129.4, 3), (28.7, 130.0, 3), (29.7, 130.9, 3), (30.8, 132.0, 3), (32.1, 133.4, 3), (33.2, 134.9, 3), (34.0, 136.4, 3), (34.5, 138.0, 3), (35.0, 139.5, 3), (35.5, 141.1, 3), (36.1, 143.2, 3), (36.7, 145.6, 3)]",SEPAT
2019182N18114,"[(17.8, 114.2, 0), (17.8, 114.1, 3), (17.9, 114.0, 3), (18.0, 113.9, 3), (18.2, 113.7, 3), (18.3, 113.5, 3), (18.4, 113.2, 3), (18.5, 112.7, 3), (18.5, 112.2, 3), (18.5, 111.9, 2), (18.5, 111.8, 1), (18.5, 111.4, 3), (18.5, 111.1, 3), (18.6, 110.6, 3), (18.7, 109.9, 3), (18.9, 109.1, 3), (19.1, 108.6, 3), (19.3, 108.3, 3), (19.5, 107.9, 3), (19.8, 107.6, 3), (20.1, 107.2, 3), (20.4, 106.8, 3), (20.6, 106.5, 3), (20.8, 106.2, 3)]",MUN
2019195N13136,"[(16.7, 126.7, 0), (16.8, 125.6, 3), (16.9, 124.7, 3), (16.9, 124.1, 3), (17.0, 123.7, 3), (17.1, 123.4, 3), (17.3, 123.3, 3), (17.6, 123.3, 3), (18.1, 123.4, 3), (18.5, 123.5, 3), (19.1, 123.7, 3), (19.8, 123.9, 3), (20.6, 124.1, 3), (21.1, 124.2, 3), (21.7, 124.2, 3), (22.5, 124.1, 3), (23.4, 124.0, 3), (24.0, 123.9, 3), (24.6, 123.8, 3), (25.4, 123.7, 3), (26.3, 123.7, 3), (26.9, 123.7, 3), (27.6, 123.7, 3), (28.4, 123.8, 3), (28.9, 123.9, 3), (29.6, 124.0, 3), (30.1, 124.2, 3), (30.9, 124.5, 3), (31.7, 124.9, 3), (32.4, 125.1, 3), (33.1, 125.3, 3), (33.6, 125.5, 3), (34.0, 125.7, 3), (34.5, 125.7, 3), (34.7, 125.7, 3), (35.2, 126.0, 3), (35.5, 126.5, 3), (36.0, 127.0, 3), (36.7, 127.6, 3), (37.4, 128.2, 3), (37.8, 128.8, 3), (38.3, 129.4, 3), (38.9, 130.0, 3), (39.9, 130.8, 3), (40.9, 130.6, 3)]",DANAS
2019205N23137,"[(22.9, 137.2, 0), (23.2, 137.3, 3), (23.5, 137.5, 3), (23.8, 137.7, 3), (24.2, 137.8, 3), (24.8, 137.8, 3), (25.5, 137.8, 3), (26.0, 137.7, 3), (26.3, 137.6, 3), (26.4, 137.6, 3), (26.6, 137.5, 3), (26.9, 137.4, 3), (27.4, 137.2, 3), (27.9, 137.1, 3), (28.4, 136.9, 3), (29.0, 136.7, 3), (29.6, 136.5, 3), (30.2, 136.3, 3), (30.8, 136.1, 3), (31.4, 136.0, 3), (32.0, 135.9, 3), (32.6, 135.8, 3), (33.3, 135.9, 3), (34.0, 136.1, 3), (34.2, 136.2, 1), (34.6, 136.4, 2)]",NARI
2019210N16117,"[(17.8, 114.8, 0), (17.9, 114.6, 3), (18.1, 114.3, 3), (18.3, 114.1, 3), (18.5, 113.8, 3), (18.6, 113.5, 3), (18.7, 113.3, 3), (18.8, 113.1, 3), (19.0, 113.0, 3), (19.1, 112.8, 3), (19.3, 112.6, 3), (19.5, 112.3, 3), (19.7, 112.0, 3), (19.9, 111.7, 3), (20.0, 111.6, 1), (20.1, 111.5, 1), (20.2, 111.4, 1), (20.3, 111.3, 1), (20.4, 111.3, 1), (20.5, 111.2, 1), (20.5, 111.2, 1), (20.6, 111.1, 1), (20.7, 111.0, 1), (20.8, 110.9, 1), (20.9, 110.8, 1), (20.9, 110.6, 1), (21.0, 110.5, 1), (21.0, 110.3, 1), (21.1, 110.2, 1), (21.1, 110.1, 1), (21.2, 109.9, 1), (21.2, 109.8, 1), (21.3, 109.5, 3), (21.3, 109.3, 3), (21.3, 109.1, 3), (21.3, 108.9, 3), (21.4, 108.7, 3), (21.4, 108.5, 3), (21.4, 108.2, 3), (21.4, 108.0, 3), (21.4, 107.7, 3), (21.3, 107.1, 3), (21.1, 106.6, 3), (20.9, 106.3, 3), (20.7, 106.2, 3), (20.4, 106.1, 3), (20.1, 106.0, 3)]",WIPHA
2019213N17155,"[(18.9, 153.6, 0), (19.2, 153.5, 3), (19.6, 153.3, 3), (20.0, 153.0, 3), (20.4, 152.7, 3), (20.7, 152.3, 3), (20.9, 151.9, 3), (21.3, 151.6, 3), (21.7, 151.2, 3), (22.2, 150.8, 3), (22.8, 150.3, 3), (23.5, 149.5, 3), (24.1, 148.7, 3), (24.6, 148.0, 3), (25.1, 147.3, 3), (25.6, 146.5, 3), (26.0, 145.7, 3), (26.4, 144.9, 3), (26.7, 144.2, 3), (27.0, 143.5, 3), (27.4, 142.9, 3), (27.9, 142.3, 3), (28.4, 141.6, 3), (28.8, 140.7, 3), (29.1, 139.8, 3), (29.5, 139.0, 3), (29.8, 138.1, 3), (30.1, 137.1, 3), (30.4, 136.2, 3), (30.6, 135.4, 3), (30.8, 134.6, 3), (31.0, 133.8, 3), (31.2, 133.1, 3), (31.4, 132.5, 3), (31.8, 131.9, 3), (32.1, 131.6, 2), (32.3, 131.4, 1), (32.9, 130.6, 3), (33.3, 130.0, 3), (34.1, 129.5, 3), (34.5, 129.4, 3), (35.1, 129.3, 3), (35.9, 129.1, 3), (37.0, 128.9, 3), (37.6, 128.9, 3), (38.0, 129.0, 3), (38.5, 129.2, 3), (39.0, 129.5, 3)]",FRANCISCO
2019214N15134,"[(16.6, 131.3, 0), (17.0, 131.4, 3), (17.4, 131.3, 3), (17.9, 131.0, 3), (18.3, 130.6, 3), (18.6, 130.4, 3), (18.8, 130.2, 3), (19.0, 130.0, 3), (19.0, 129.7, 3), (18.9, 129.5, 3), (18.7, 129.3, 3), (18.7, 129.2, 3), (18.7, 129.2, 3), (18.8, 129.2, 3), (19.0, 129.1, 3), (19.1, 129.0, 3), (19.2, 128.8, 3), (19.3, 128.7, 3), (19.4, 128.6, 3), (19.5, 128.4, 3), (19.6, 128.3, 3), (19.9, 128.3, 3), (20.3, 128.2, 3), (20.7, 128.0, 3), (21.0, 127.7, 3), (21.3, 127.4, 3), (21.6, 127.0, 3), (21.8, 126.7, 3), (22.1, 126.4, 3), (22.4, 126.2, 3), (22.7, 126.0, 3), (23.2, 125.8, 3), (23.7, 125.5, 3), (24.0, 125.2, 3), (24.4, 124.9, 3), (24.9, 124.8, 3), (25.5, 124.6, 3), (26.0, 124.0, 3), (26.5, 123.4, 3), (26.8, 123.0, 3), (27.1, 122.6, 3), (27.3, 122.3, 3), (27.5, 122.0, 3), (27.9, 121.7, 3), (28.4, 121.4, 3), (28.7, 121.1, 3), (29.0, 120.9, 3), (29.5, 120.6, 3), (30.1, 120.5, 3), (30.5, 120.6, 3), (30.8, 120.7, 3), (31.2, 120.8, 3), (31.7, 120.9, 3), (32.6, 120.8, 3), (33.5, 120.5, 3), (34.2, 120.1, 3), (34.8, 119.9, 3), (35.4, 120.1, 3), (36.0, 120.3, 3), (36.9, 120.3, 3), (37.6, 120.2, 3), (37.8, 120.0, 3), (37.7, 119.7, 3)]",LEKIMA
2019216N16147,"[(17.6, 143.2, 0), (18.0, 143.0, 3), (18.3, 142.9, 3), (18.6, 142.8, 3), (18.9, 142.6, 3), (19.2, 142.4, 3), (19.6, 142.1, 3), (20.1, 141.8, 3), (20.6, 141.6, 3), (21.0, 141.5, 3), (21.2, 141.4, 3), (21.4, 141.2, 3), (21.5, 141.1, 3), (21.6, 141.0, 3), (21.7, 140.9, 3), (21.9, 140.7, 3), (22.0, 140.6, 3), (22.1, 140.6, 3), (22.1, 140.6, 3), (22.1, 140.7, 3), (22.0, 140.8, 3), (22.0, 140.9, 3), (22.0, 141.0, 3), (22.0, 141.1, 3), (22.0, 141.1, 3), (22.0, 141.2, 3), (22.1, 141.3, 3), (22.1, 141.4, 3), (22.2, 141.5, 3), (22.3, 141.5, 3), (22.4, 141.4, 3), (22.5, 141.4, 3), (22.7, 141.4, 3), (22.8, 141.3, 3), (22.9, 141.1, 3), (22.9, 140.9, 3), (22.9, 140.8, 3), (22.9, 140.7, 3), (22.9, 140.6, 3), (23.0, 140.5, 3), (23.2, 140.3, 3), (23.4, 140.1, 3), (23.7, 139.8, 3), (23.9, 139.5, 3), (24.0, 139.1, 3), (24.0, 138.8, 3), (24.1, 138.5, 3), (24.3, 138.1, 3), (24.5, 137.8, 3), (24.7, 137.6, 3), (25.0, 137.4, 3), (25.4, 137.3, 3), (25.8, 137.1, 3), (26.4, 136.9, 3), (26.9, 136.5, 3), (27.2, 135.9, 3), (27.3, 135.3, 3), (27.4, 134.9, 3), (27.6, 134.7, 3), (27.8, 134.5, 3), (28.1, 134.2, 3), (28.3, 133.8, 3), (28.4, 133.5, 3), (28.6, 133.4, 3), (28.8, 133.3, 3), (29.1, 133.2, 3), (29.4, 133.1, 3), (29.8, 132.9, 3), (30.3, 132.7, 3), (30.7, 132.6, 3), (31.2, 132.5, 3), (31.8, 132.5, 3), (32.9, 132.4, 3), (33.5, 132.4, 2), (33.7, 132.4, 1), (34.2, 132.5, 3), (35.3, 132.8, 3), (36.2, 133.0, 3), (37.0, 133.1, 3), (37.9, 133.4, 3), (38.5, 133.6, 3), (39.1, 133.9, 3), (39.9, 134.6, 3), (40.8, 135.6, 3), (41.7, 136.6, 3), (42.5, 137.5, 3)]",KROSA
2019231N13135,"[(13.5, 134.3, 0), (13.7, 134.1, 3), (13.9, 133.8, 3), (14.1, 133.5, 3), (14.3, 133.3, 3), (14.5, 133.1, 3), (14.7, 132.8, 3), (14.9, 132.5, 3), (15.1, 132.1, 3), (15.4, 131.7, 3), (15.6, 131.2, 3), (15.8, 130.8, 3), (15.9, 130.4, 3), (16.0, 129.7, 3), (16.0, 129.0, 3), (16.0, 128.7, 3), (16.1, 128.6, 3), (16.3, 128.2, 3), (16.7, 127.9, 3), (17.2, 127.8, 3), (17.7, 127.6, 3), (18.1, 126.9, 3), (18.4, 126.1, 3), (18.8, 125.5, 3), (19.1, 125.1, 3), (19.4, 124.9, 3), (19.7, 124.6, 3), (20.2, 124.0, 3), (20.7, 123.2, 3), (21.2, 122.6, 3), (21.6, 121.9, 3), (21.9, 121.2, 3), (22.2, 120.4, 3), (22.5, 119.6, 3), (22.7, 118.9, 3), (22.8, 118.2, 3), (23.0, 117.7, 3), (23.4, 117.4, 3), (23.8, 117.0, 3), (24.2, 116.4, 3), (24.6, 115.6, 3)]",BAILU
2019236N08143,"[(12.9, 131.2, 0), (13.1, 130.7, 3), (13.2, 130.3, 3), (13.3, 129.9, 3), (13.4, 129.5, 3), (13.7, 128.9, 3), (14.0, 128.1, 3), (14.4, 127.1, 3), (14.7, 126.2, 3), (15.0, 125.5, 3), (15.3, 124.9, 3), (15.6, 124.0, 3), (15.9, 123.0, 3), (16.1, 122.1, 3), (16.3, 121.2, 3), (16.5, 120.2, 3), (16.8, 119.0, 3), (17.0, 117.5, 3), (17.2, 116.1, 3), (17.3, 115.0, 3), (17.3, 114.1, 3), (17.3, 113.5, 3), (17.4, 113.0, 3), (17.5, 112.0, 3), (17.6, 111.0, 3), (17.6, 110.5, 3), (17.5, 109.9, 3), (17.5, 108.9, 3), (17.5, 107.8, 3), (17.4, 107.0, 3), (17.2, 106.2, 3), (17.0, 105.5, 3), (16.9, 104.7, 3)]",PODUL
2019242N14180,"[(17.7, 159.3, 0), (17.9, 158.9, 3), (18.0, 158.4, 3), (18.1, 157.9, 3), (18.2, 157.4, 3), (18.4, 157.0, 3), (18.6, 156.6, 3), (18.8, 156.3, 3), (19.1, 156.0, 3), (19.5, 155.7, 3), (20.0, 155.3, 3), (20.4, 154.9, 3), (20.7, 154.4, 3), (21.0, 153.8, 3), (21.4, 153.2, 3), (22.0, 152.6, 3), (22.6, 151.9, 3), (23.2, 151.0, 3), (23.7, 150.1, 3), (24.2, 149.1, 3), (24.7, 148.2, 3), (25.2, 147.3, 3), (25.7, 146.4, 3), (26.1, 145.7, 3), (26.5, 145.0, 3), (27.1, 144.2, 3), (27.8, 143.4, 3), (28.3, 142.6, 3), (28.9, 141.9, 3), (29.5, 141.2, 3), (30.2, 140.5, 3), (30.8, 140.0, 3), (31.5, 139.6, 3), (32.3, 139.2, 3), (33.0, 139.0, 3), (33.6, 139.0, 3), (34.1, 139.1, 3), (34.7, 139.3, 3), (35.1, 139.6, 2), (35.3, 139.7, 1), (35.5, 139.9, 1), (35.8, 140.2, 2), (36.3, 140.9, 3), (36.8, 141.7, 3), (37.3, 142.6, 3), (37.8, 143.5, 3), (38.2, 144.4, 3), (38.7, 145.4, 3), (39.1, 146.4, 3), (39.5, 147.4, 3), (39.8, 148.6, 3), (40.2, 150.1, 3), (40.6, 151.9, 3)]",FAXAI
2019242N18126,"[(18.8, 119.8, 0), (18.7, 119.2, 3), (18.7, 118.7, 3), (18.7, 118.2, 3), (18.7, 117.5, 3), (18.7, 116.6, 3), (18.7, 115.6, 3), (18.7, 114.8, 3), (18.7, 114.0, 3), (18.8, 113.3, 3), (18.9, 112.6, 3), (19.0, 111.5, 3), (19.0, 110.5, 3), (19.0, 109.8, 3), (18.8, 109.2, 3), (18.3, 108.7, 3), (17.6, 108.3, 3), (17.1, 108.1, 3), (16.7, 108.0, 3), (16.1, 107.6, 3), (15.7, 107.4, 3), (15.8, 107.5, 3), (16.1, 107.8, 3)]",KAJIKI
2019243N06136,"[(12.8, 127.3, 0), (13.4, 126.9, 3), (14.0, 126.5, 3), (14.6, 126.1, 3), (15.3, 125.7, 3), (15.9, 125.2, 3), (16.6, 124.8, 3), (17.3, 124.6, 3), (18.0, 124.4, 3), (18.5, 124.1, 3), (19.0, 123.9, 3), (19.4, 123.8, 3), (19.8, 123.8, 3), (20.3, 123.8, 3), (20.7, 123.9, 3), (20.9, 124.0, 3), (21.1, 124.2, 3), (21.5, 124.4, 3), (21.9, 124.5, 3), (22.0, 124.5, 3), (22.0, 124.6, 3), (22.2, 124.8, 3), (22.5, 125.0, 3), (22.8, 125.2, 3), (23.1, 125.4, 3), (23.3, 125.4, 3), (23.5, 125.4, 3), (23.8, 125.4, 3), (24.2, 125.3, 3), (24.6, 125.3, 3), (25.0, 125.3, 3), (25.3, 125.3, 3), (25.7, 125.2, 3), (26.2, 125.2, 3), (26.8, 125.2, 3), (27.4, 125.1, 3), (28.1, 125.1, 3), (28.7, 125.1, 3), (29.6, 125.3, 3), (30.5, 125.3, 3), (31.4, 125.1, 3), (32.5, 124.8, 3), (33.6, 124.7, 3), (34.9, 124.7, 3), (36.0, 124.8, 3), (36.9, 124.9, 3), (38.0, 125.1, 3), (39.0, 125.6, 3), (40.8, 126.6, 3), (42.8, 127.6, 3), (44.6, 128.7, 3), (45.8, 129.7, 3), (46.8, 130.7, 3), (47.9, 131.8, 3), (49.0, 133.0, 3)]",LINGLING
2019255N09162,"[(17.4, 147.9, 0), (18.5, 147.4, 3), (19.5, 146.8, 3), (20.5, 146.1, 3), (21.4, 145.3, 3), (22.5, 144.5, 3), (23.5, 143.8, 3), (24.3, 143.3, 3), (25.0, 142.9, 3)]",PEIPAH
2019260N20129,"[(20.6, 128.9, 0), (20.8, 129.3, 3), (21.2, 129.7, 3), (21.7, 129.9, 3), (22.2, 129.9, 3), (22.4, 129.6, 3), (22.4, 129.2, 3), (22.4, 128.9, 3), (22.5, 128.7, 3), (22.6, 128.5, 3), (22.7, 128.4, 3), (22.8, 128.2, 3), (22.9, 127.9, 3), (23.0, 127.5, 3), (23.0, 127.2, 3), (23.0, 127.0, 3), (23.1, 126.9, 3), (23.2, 126.9, 3), (23.3, 126.9, 3), (23.6, 126.9, 3), (24.0, 126.8, 3), (24.5, 126.6, 3), (25.0, 126.3, 3), (25.6, 126.1, 3), (26.2, 125.8, 3), (26.8, 125.5, 3), (27.5, 125.5, 3), (28.1, 125.5, 3), (28.5, 125.6, 3), (29.1, 125.7, 3), (29.8, 125.9, 3), (30.4, 126.1, 3), (31.0, 126.4, 3), (31.7, 127.1, 3), (32.3, 127.9, 3), (32.9, 128.6, 3), (33.6, 129.4, 3), (34.6, 130.8, 3), (35.5, 132.1, 3), (37.0, 133.5, 3), (38.6, 134.9, 3), (39.8, 136.4, 3), (40.6, 138.0, 3)]",TAPAH
2019268N10155,"[(12.2, 143.9, 0), (12.8, 143.0, 3), (13.3, 142.0, 3), (13.5, 140.8, 3), (13.6, 139.5, 3), (13.7, 138.3, 3), (13.8, 137.2, 3), (14.0, 136.3, 3), (14.2, 135.6, 3), (14.4, 135.0, 3), (14.7, 134.4, 3), (15.1, 133.5, 3), (15.6, 132.5, 3), (16.2, 131.7, 3), (16.8, 130.9, 3), (17.3, 129.9, 3), (17.7, 128.9, 3), (17.9, 128.1, 3), (18.0, 127.4, 3), (18.2, 127.0, 3), (18.5, 126.6, 3), (18.8, 126.1, 3), (19.2, 125.6, 3), (19.7, 125.2, 3), (20.2, 124.7, 3), (20.6, 124.1, 3), (20.9, 123.6, 3), (21.2, 123.3, 3), (21.6, 123.1, 3), (22.1, 123.0, 3), (22.8, 122.9, 3), (23.7, 122.9, 3), (24.6, 122.9, 3), (25.5, 122.7, 3), (26.2, 122.5, 3), (26.7, 122.3, 3), (27.2, 122.1, 3), (28.0, 122.1, 3), (28.6, 122.1, 3), (29.4, 122.2, 3), (29.8, 122.3, 3), (30.2, 122.4, 3), (30.7, 122.8, 3), (31.2, 123.5, 3), (32.0, 124.0, 3), (32.5, 124.2, 3), (33.2, 124.7, 3), (33.8, 125.3, 3), (34.5, 126.3, 3), (34.9, 127.3, 3), (35.8, 128.3, 3), (37.1, 129.5, 3), (37.7, 130.0, 3), (37.9, 130.7, 3)]",MITAG
2019278N16165,"[(14.7, 162.2, 0), (14.9, 161.7, 3), (15.1, 161.1, 3), (15.2, 160.5, 3), (15.2, 159.8, 3), (15.2, 158.8, 3), (15.1, 157.7, 3), (14.9, 156.7, 3), (14.7, 155.8, 3), (14.5, 154.9, 3), (14.3, 154.1, 3), (14.2, 153.2, 3), (14.3, 152.4, 3), (14.5, 151.7, 3), (14.8, 151.1, 3), (15.0, 150.4, 3), (15.1, 149.6, 3), (15.3, 148.9, 3), (15.5, 148.2, 3), (15.9, 147.4, 3), (16.0, 147.1, 1), (16.2, 146.6, 2), (16.4, 145.8, 3), (16.5, 145.0, 3), (16.7, 144.4, 3), (16.9, 143.8, 3), (17.3, 143.2, 3), (17.7, 142.7, 3), (18.0, 142.2, 3), (18.4, 141.8, 3), (18.8, 141.3, 3), (19.2, 140.9, 3), (19.5, 140.6, 3), (19.8, 140.4, 3), (20.2, 140.1, 3), (20.3, 140.1, 1), (20.6, 139.9, 2), (20.9, 139.7, 3), (21.2, 139.6, 3), (21.6, 139.7, 3), (22.0, 139.8, 3), (22.6, 139.9, 3), (23.2, 139.9, 3), (23.8, 139.7, 3), (24.4, 139.4, 3), (24.8, 139.2, 3), (25.2, 139.0, 3), (25.7, 138.8, 3), (26.3, 138.6, 3), (26.9, 138.3, 3), (27.5, 138.0, 3), (28.2, 137.7, 3), (28.9, 137.5, 3), (29.4, 137.3, 3), (29.9, 137.1, 3), (30.4, 137.0, 3), (30.9, 137.1, 3), (31.4, 137.2, 3), (32.0, 137.5, 3), (32.7, 137.8, 3), (33.6, 138.3, 3), (34.5, 138.8, 3), (35.6, 139.5, 3), (36.9, 140.4, 3), (38.1, 141.7, 3), (39.1, 143.3, 3), (39.9, 145.0, 3)]",HAGIBIS
2019288N16136,"[(19.2, 129.8, 0), (19.4, 129.8, 3), (19.5, 129.7, 3), (19.6, 129.7, 3), (19.7, 129.6, 3), (19.8, 129.6, 3), (19.9, 129.5, 3), (20.0, 129.5, 3), (20.1, 129.4, 3), (20.3, 129.3, 3), (20.5, 129.2, 3), (20.5, 128.9, 3), (20.5, 128.5, 3), (20.8, 128.2, 3), (21.1, 127.9, 3), (21.3, 127.6, 3), (21.5, 127.4, 3), (21.6, 127.3, 3), (21.8, 127.3, 3), (22.2, 127.4, 3), (22.6, 127.5, 3), (23.0, 127.6, 3), (23.4, 127.9, 3), (24.0, 128.5, 3), (24.6, 129.1, 3), (25.0, 129.5, 3), (25.5, 130.0, 3), (26.1, 130.7, 3), (26.9, 131.4, 3), (27.7, 132.1, 3), (28.5, 132.9, 3), (29.4, 133.7, 3), (30.2, 134.5, 3), (30.9, 135.2, 3), (31.4, 135.7, 3), (31.7, 136.2, 3), (31.8, 136.6, 3)]",NEOGURI
2019290N08169,"[(10.0, 156.6, 0), (10.3, 155.6, 3), (10.6, 154.8, 3), (10.8, 154.2, 3), (10.9, 153.7, 3), (11.0, 153.1, 3), (11.1, 152.6, 3), (11.2, 152.0, 3), (11.4, 151.5, 3), (11.7, 151.0, 3), (12.0, 150.6, 3), (12.3, 150.1, 3), (12.7, 149.7, 3), (13.0, 149.4, 3), (13.4, 149.1, 3), (13.8, 148.7, 3), (14.1, 148.2, 3), (14.4, 147.9, 3), (14.7, 147.6, 3), (15.1, 147.2, 3), (15.5, 146.8, 3), (15.9, 146.4, 3), (16.3, 146.0, 3), (16.7, 145.5, 3), (17.1, 145.0, 3), (17.6, 144.7, 3), (18.2, 144.4, 3), (18.7, 143.9, 3), (19.2, 143.5, 3), (19.8, 143.3, 3), (20.4, 143.2, 3), (21.1, 142.8, 3), (21.7, 142.4, 3), (22.3, 142.1, 3), (22.9, 142.0, 3), (23.4, 141.9, 3), (23.9, 141.9, 3), (24.6, 141.9, 3), (25.4, 141.9, 3), (26.0, 141.9, 3), (26.7, 142.0, 3), (27.4, 142.2, 3), (28.2, 142.6, 3), (28.8, 143.0, 3), (29.5, 143.6, 3), (30.3, 144.2, 3), (31.1, 144.9, 3), (31.6, 145.4, 3), (32.2, 146.0, 3), (33.0, 146.8, 3), (33.8, 147.7, 3), (34.6, 148.4, 3), (35.3, 149.1, 3)]",BUALOI
2019302N11118,"[(10.8, 117.4, 0), (10.9, 117.0, 3), (11.1, 116.5, 3), (11.3, 115.9, 3), (11.5, 115.2, 3), (11.7, 114.6, 3), (12.0, 114.0, 3), (12.2, 113.4, 3), (12.5, 112.9, 3), (12.8, 112.4, 3), (13.0, 111.9, 3), (13.1, 111.4, 3), (13.2, 111.0, 3), (13.3, 110.6, 3), (13.4, 110.1, 3), (13.5, 109.5, 3), (13.5, 108.8, 3), (13.5, 108.0, 3), (13.4, 107.1, 3), (13.3, 106.4, 3), (13.3, 105.7, 3)]",BULBUL:MATMO
2019306N10162,"[(12.9, 156.9, 0), (13.4, 156.6, 3), (13.8, 156.3, 3), (14.2, 155.8, 3), (14.5, 155.3, 3), (14.9, 154.9, 3), (15.3, 154.5, 3), (15.6, 154.3, 3), (15.9, 154.1, 3), (16.2, 153.9, 3), (16.4, 153.7, 3), (16.7, 153.6, 3), (17.0, 153.5, 3), (17.5, 153.4, 3), (17.9, 153.2, 3), (18.1, 153.0, 3), (18.3, 152.8, 3), (18.5, 152.5, 3), (18.7, 152.2, 3), (18.8, 152.0, 3), (19.0, 151.9, 3), (19.3, 151.6, 3), (19.6, 151.3, 3), (19.8, 151.0, 3), (19.9, 150.8, 3), (20.1, 150.7, 3), (20.3, 150.6, 3), (20.5, 150.5, 3), (20.8, 150.5, 3), (21.0, 150.5, 3), (21.2, 150.6, 3), (21.4, 150.7, 3), (21.7, 150.8, 3), (21.9, 150.9, 3), (22.2, 151.0, 3), (22.5, 151.1, 3), (22.9, 151.2, 3), (23.3, 151.3, 3), (23.7, 151.4, 3), (24.1, 151.6, 3), (24.6, 151.9, 3), (25.1, 152.4, 3), (25.6, 152.9, 3), (26.0, 153.3, 3), (26.5, 153.9, 3), (27.1, 154.8, 3), (27.8, 155.8, 3), (28.5, 156.9, 3), (29.2, 158.0, 3), (29.8, 159.0, 3), (30.4, 159.8, 3), (30.8, 160.4, 3), (31.2, 160.9, 3)]",HALONG
2019308N13114,"[(13.5, 113.8, 0), (13.4, 114.0, 3), (13.4, 114.3, 3), (13.4, 114.6, 3), (13.4, 114.9, 3), (13.4, 115.1, 3), (13.4, 115.3, 3), (13.4, 115.5, 3), (13.5, 115.6, 3), (13.6, 115.7, 3), (13.6, 115.9, 3), (13.6, 116.1, 3), (13.5, 116.2, 3), (13.4, 116.3, 3), (13.3, 116.4, 3), (13.2, 116.5, 3), (13.1, 116.6, 3), (13.1, 116.7, 3), (13.1, 116.7, 3), (13.1, 116.8, 3), (13.2, 116.9, 3), (13.3, 117.0, 3), (13.3, 117.1, 3), (13.4, 117.2, 3), (13.4, 117.2, 3), (13.5, 117.1, 3), (13.4, 116.9, 3), (13.1, 116.9, 3), (12.8, 116.9, 3), (12.7, 116.8, 3), (12.6, 116.6, 3), (12.5, 116.5, 3), (12.5, 116.3, 3), (12.5, 115.8, 3), (12.6, 115.3, 3), (12.6, 115.0, 3), (12.6, 114.8, 3), (12.6, 114.4, 3), (12.6, 114.0, 3), (12.6, 113.6, 3), (12.7, 113.2, 3), (12.7, 112.9, 3), (12.8, 112.7, 3), (12.9, 112.4, 3), (12.9, 112.0, 3), (12.9, 111.5, 3), (12.9, 110.9, 3), (12.9, 110.3, 3), (12.9, 109.7, 3), (12.9, 109.3, 3), (13.0, 109.1, 3), (13.1, 108.9, 3), (13.1, 108.6, 3)]",NAKRI
2019314N12172,"[(14.0, 165.1, 0), (14.3, 164.2, 3), (14.5, 163.5, 3), (14.7, 162.9, 3), (15.0, 162.3, 3), (15.3, 161.3, 3), (15.6, 160.3, 3), (15.8, 159.7, 3), (16.1, 159.1, 3), (16.4, 158.4, 3), (16.8, 157.6, 3), (17.1, 156.7, 3), (17.3, 155.9, 3), (17.4, 155.3, 3), (17.3, 154.7, 3), (17.1, 153.9, 3), (16.9, 153.0, 3), (16.9, 152.2, 3), (16.9, 151.5, 3), (16.9, 150.8, 3), (16.9, 150.0, 3), (17.0, 149.1, 3), (17.2, 148.1, 3), (17.3, 147.3, 3), (17.5, 146.5, 3), (17.8, 145.8, 3), (18.2, 145.1, 3), (18.6, 144.3, 3), (19.1, 143.6, 3), (19.6, 143.1, 3), (20.1, 142.7, 3), (20.6, 142.4, 3), (21.1, 142.2, 3), (21.7, 142.3, 3), (22.4, 142.5, 3), (23.1, 142.8, 3), (23.7, 143.2, 3), (24.3, 143.9, 3), (24.8, 144.7, 3), (25.4, 145.6, 3), (25.9, 146.7, 3), (26.3, 147.9, 3), (26.6, 149.3, 3), (26.7, 150.7, 3), (26.8, 152.2, 3), (27.0, 154.0, 3), (27.0, 155.6, 3), (26.7, 156.4, 3), (26.1, 156.7, 3)]",FENGSHEN
2019314N14136,"[(12.4, 132.7, 0), (12.3, 132.4, 3), (12.3, 132.0, 3), (12.3, 131.6, 3), (12.3, 131.2, 3), (12.3, 130.9, 3), (12.3, 130.7, 3), (12.4, 130.5, 3), (12.5, 130.2, 3), (12.7, 129.8, 3), (12.8, 129.3, 3), (12.9, 128.8, 3), (13.0, 128.5, 3), (13.0, 128.4, 3), (13.1, 128.4, 3), (13.1, 128.3, 3), (13.3, 128.1, 3), (13.7, 127.7, 3), (14.2, 127.3, 3), (14.6, 127.0, 3), (14.9, 126.8, 3), (15.1, 126.4, 3), (15.2, 126.0, 3), (15.2, 125.7, 3), (15.2, 125.5, 3), (15.3, 125.2, 3), (15.5, 125.0, 3), (15.6, 125.1, 3), (15.7, 125.4, 3), (15.8, 125.6, 3), (15.8, 125.8, 3), (15.9, 125.9, 3), (16.0, 125.9, 3), (15.9, 125.9, 3), (15.8, 125.8, 3), (15.7, 125.8, 3), (15.6, 125.8, 3), (15.5, 125.8, 3), (15.5, 125.7, 3), (15.6, 125.6, 3), (15.7, 125.5, 3), (15.7, 125.4, 3), (15.8, 125.3, 3), (16.0, 125.0, 3), (16.3, 124.7, 3), (16.5, 124.5, 3), (16.6, 124.4, 3), (16.8, 124.1, 3), (17.0, 123.8, 3), (17.2, 123.6, 3), (17.4, 123.4, 3), (17.7, 123.2, 3), (18.0, 123.1, 3), (18.4, 123.0, 3), (18.8, 122.9, 3), (19.0, 122.8, 3), (19.1, 122.7, 3), (19.2, 122.7, 3), (19.2, 122.7, 3), (19.3, 122.7, 3), (19.3, 122.8, 3), (19.3, 122.8, 3), (19.2, 122.8, 3), (18.9, 122.6, 3), (18.5, 122.3, 3), (17.9, 122.0, 3), (17.3, 121.8, 3), (16.8, 121.6, 3), (16.3, 121.4, 3)]",KALMAEGI
2019322N11144,"[(11.4, 132.8, 0), (12.0, 132.2, 3), (12.7, 131.6, 3), (13.7, 130.8, 3), (14.6, 130.1, 3), (14.9, 129.7, 3), (15.1, 129.3, 3), (15.3, 128.8, 3), (15.8, 128.2, 3), (16.8, 127.7, 3), (17.8, 127.2, 3), (18.2, 126.6, 3), (18.5, 126.1, 3), (19.2, 125.8, 3), (19.9, 125.5, 3), (20.0, 125.2, 3), (20.0, 125.0, 3), (20.3, 124.7, 3), (20.6, 124.4, 3), (21.0, 124.2, 3), (21.3, 124.1, 3), (21.5, 124.1, 3), (21.8, 124.3, 3), (22.3, 124.5, 3), (22.8, 124.8, 3), (23.3, 125.0, 3), (23.8, 125.1, 3), (24.3, 125.3, 3), (24.7, 125.5, 3)]",FUNG-WONG
2019329N09160,"[(8.6, 152.3, 0), (8.9, 151.6, 3), (9.2, 150.9, 3), (9.5, 150.3, 3), (9.9, 149.5, 3), (10.4, 148.4, 3), (10.9, 147.3, 3), (11.1, 146.3, 3), (11.2, 145.3, 3), (11.3, 144.5, 3), (11.3, 143.7, 3), (11.3, 143.0, 3), (11.4, 142.3, 3), (11.5, 141.6, 3), (11.5, 141.0, 3), (11.4, 140.6, 3), (11.4, 140.3, 3), (11.5, 139.9, 3), (11.7, 139.5, 3), (11.8, 139.2, 3), (12.0, 139.0, 3), (12.3, 138.7, 3), (12.7, 138.5, 3), (13.0, 138.4, 3), (13.3, 138.4, 3), (13.7, 138.4, 3), (14.0, 138.3, 3), (14.3, 138.3, 3), (14.4, 138.2, 3), (14.4, 138.1, 3), (14.3, 137.9, 3), (14.3, 137.8, 3), (14.2, 137.7, 3), (14.1, 137.4, 3), (14.0, 137.0, 3), (14.0, 136.5, 3), (14.0, 135.9, 3), (13.8, 135.4, 3), (13.5, 135.0, 3), (13.3, 134.5, 3), (13.2, 134.0, 3), (13.2, 133.4, 3), (13.2, 132.7, 3), (13.2, 131.9, 3), (13.1, 131.2, 3), (13.1, 130.6, 3), (13.1, 130.0, 3), (13.1, 129.4, 3), (13.0, 128.8, 3), (12.9, 128.2, 3), (12.9, 127.7, 3), (12.8, 127.2, 3), (12.8, 126.7, 3), (12.8, 126.3, 3), (12.9, 125.8, 3), (12.9, 125.2, 3), (12.9, 124.6, 3), (12.9, 124.1, 3), (13.0, 123.5, 3), (13.0, 122.9, 3), (13.0, 122.3, 3), (13.0, 121.7, 3), (13.0, 121.2, 3), (13.0, 120.7, 3), (13.2, 120.2, 3), (13.5, 119.5, 3), (13.9, 118.9, 3), (14.1, 118.5, 3), (14.2, 118.1, 3), (14.4, 117.6, 3), (14.5, 117.1, 3), (14.6, 116.6, 3), (14.7, 116.2, 3), (14.8, 115.8, 3), (14.7, 115.3, 3), (14.5, 114.8, 3), (14.2, 114.3, 3), (14.0, 114.0, 3), (13.8, 113.8, 3)]",KAMMURI
2019354N05151,"[(5.8, 140.9, 0), (6.1, 140.3, 3), (6.4, 139.8, 3), (6.6, 139.4, 3), (6.8, 139.0, 3), (7.1, 138.4, 3), (7.5, 137.8, 3), (7.9, 137.2, 3), (8.4, 136.6, 3), (8.8, 136.1, 3), (9.2, 135.6, 3), (9.5, 134.8, 3), (9.8, 133.8, 3), (10.0, 132.9, 3), (10.1, 132.1, 3), (10.3, 131.4, 3), (10.4, 130.7, 3), (10.5, 130.1, 3), (10.6, 129.5, 3), (10.7, 128.8, 3), (10.8, 128.0, 3), (10.9, 127.3, 3), (11.0, 126.6, 3), (11.1, 125.8, 3), (11.3, 125.0, 3), (11.5, 124.2, 3), (11.7, 123.4, 3), (11.8, 122.9, 3), (11.8, 122.4, 3), (11.9, 121.9, 3), (12.1, 121.3, 3), (12.4, 120.7, 3), (12.6, 120.2, 3), (12.7, 119.7, 3), (12.8, 119.3, 3), (12.9, 119.0, 3), (13.1, 118.7, 3), (13.2, 118.3, 3), (13.4, 118.0, 3), (13.6, 117.8, 3), (13.9, 117.6, 3), (14.2, 117.4, 3), (14.4, 117.3, 3), (14.6, 117.1, 3), (14.7, 116.9, 3), (14.8, 116.7, 3), (14.8, 116.6, 3), (14.8, 116.5, 3), (14.8, 116.3, 3), (14.8, 116.0, 3), (14.8, 115.7, 3), (14.7, 115.4, 3), (14.5, 115.1, 3)]",PHANFONE
2020129N07134,"[(8.8, 129.1, 0), (9.0, 129.1, 3), (9.2, 129.1, 3), (9.5, 129.1, 3), (9.9, 129.2, 3), (10.4, 129.3, 3), (10.8, 129.3, 3), (11.1, 129.3, 3), (11.3, 129.3, 3), (11.5, 129.2, 3), (11.6, 129.1, 3), (11.7, 129.0, 3), (11.8, 128.9, 3), (11.9, 128.7, 3), (12.0, 128.4, 3), (12.1, 128.1, 3), (12.1, 127.8, 3), (12.1, 127.4, 3), (12.1, 127.0, 3), (12.1, 126.7, 3), (12.1, 126.3, 3), (12.1, 125.9, 3), (12.1, 125.4, 3), (12.2, 125.0, 3), (12.3, 124.6, 3), (12.4, 124.1, 3), (12.6, 123.6, 3), (12.8, 123.2, 3), (13.1, 122.8, 3), (13.4, 122.5, 3), (13.7, 122.2, 3), (14.2, 121.8, 3), (14.8, 121.3, 3), (15.5, 120.9, 3), (16.3, 120.5, 3), (17.2, 120.2, 3), (17.9, 120.0, 3), (18.3, 119.9, 3), (18.6, 119.9, 3), (18.8, 119.9, 3), (19.1, 119.8, 3)]",VONGFONG
2020160N10133,"[(15.0, 121.6, 0), (15.9, 121.0, 3), (16.6, 120.4, 3), (16.9, 120.0, 3), (16.9, 119.7, 3), (17.0, 119.4, 3), (17.1, 119.0, 3), (17.3, 118.5, 3), (17.6, 118.0, 3), (18.0, 117.5, 3), (18.4, 117.1, 3), (18.8, 116.8, 3), (19.2, 116.5, 3), (19.4, 116.0, 3), (19.6, 115.4, 3), (19.8, 114.7, 3), (20.0, 114.1, 3), (20.5, 113.6, 3), (21.0, 113.2, 3), (21.3, 112.7, 3), (21.4, 112.1, 3)]",NURI
2020211N14124,"[(16.8, 113.5, 0), (16.8, 113.1, 3), (16.8, 112.8, 3), (16.9, 112.5, 3), (17.0, 112.1, 3), (17.3, 111.6, 3), (17.6, 111.1, 3), (17.8, 110.9, 3), (18.1, 110.7, 3), (18.4, 110.2, 3), (18.7, 109.5, 3), (18.9, 108.7, 3), (19.1, 108.0, 3), (19.1, 107.5, 3), (19.1, 107.1, 3), (19.1, 106.7, 3), (19.2, 106.3, 3), (19.3, 106.1, 3), (19.3, 105.9, 3), (19.3, 105.6, 3), (19.3, 105.3, 3)]",SINLAKU
2020213N15131,"[(19.9, 128.6, 0), (20.3, 128.2, 3), (20.7, 127.8, 3), (21.0, 127.4, 3), (21.3, 126.9, 3), (21.7, 126.3, 3), (22.0, 125.7, 3), (22.3, 125.3, 3), (22.5, 125.1, 3), (22.7, 124.9, 3), (22.9, 124.7, 3), (23.2, 124.4, 3), (23.6, 124.2, 3), (23.9, 124.0, 3), (24.2, 123.9, 3), (24.5, 123.7, 3), (24.9, 123.4, 3), (25.5, 122.9, 3), (26.1, 122.4, 3), (26.5, 122.0, 3), (26.9, 121.7, 3), (27.3, 121.4, 3), (27.7, 121.1, 3), (28.2, 120.8, 3), (28.7, 120.6, 3), (29.1, 120.4, 3), (29.5, 120.3, 3), (30.0, 120.3, 3), (30.7, 120.3, 3), (31.6, 120.4, 3), (32.5, 120.5, 3)]",HAGUPIT
2020220N14128,"[(20.7, 125.7, 0), (21.7, 125.7, 3), (22.8, 125.8, 3), (24.1, 126.0, 3), (25.3, 126.2, 3), (26.3, 126.3, 3), (27.2, 126.3, 3), (28.1, 126.3, 3), (29.4, 126.7, 3), (30.8, 127.2, 3), (32.2, 127.7, 3), (33.3, 128.1, 3), (34.7, 128.6, 3), (36.0, 129.3, 3), (36.9, 129.8, 3), (38.1, 130.9, 3), (39.5, 132.3, 3), (41.0, 133.8, 3), (42.5, 135.4, 3)]",JANGMI
2020222N15117,"[(18.1, 118.5, 0), (18.6, 118.5, 3), (19.1, 118.6, 3), (19.7, 118.7, 3), (20.3, 118.7, 3), (21.0, 118.6, 3), (21.7, 118.5, 3), (22.2, 118.4, 3), (22.8, 118.2, 3), (23.6, 117.9, 3), (24.5, 117.6, 3), (25.5, 117.3, 3), (26.5, 116.9, 3)]",MEKKHALA
2020229N18123,"[(19.8, 119.4, 0), (19.8, 118.9, 3), (19.9, 118.3, 3), (20.0, 117.6, 3), (20.2, 116.8, 3), (20.3, 116.1, 3), (20.5, 115.6, 3), (20.6, 115.4, 1), (20.6, 115.3, 1), (20.7, 115.2, 1), (20.7, 115.1, 1), (20.8, 114.9, 1), (20.9, 114.8, 1), (21.0, 114.7, 1), (21.1, 114.5, 1), (21.2, 114.3, 1), (21.4, 114.2, 1), (21.5, 114.0, 1), (21.6, 113.9, 1), (21.7, 113.8, 1), (21.8, 113.7, 1), (21.9, 113.6, 1), (22.0, 113.4, 1), (22.1, 113.3, 1), (22.2, 113.2, 1), (22.3, 113.1, 1), (22.4, 112.9, 1), (22.5, 112.8, 1), (22.9, 112.2, 3), (23.3, 111.5, 3), (23.8, 110.8, 3)]",HIGOS
2020234N19123,"[(23.4, 122.8, 0), (23.8, 123.2, 3), (24.2, 123.5, 3), (24.8, 123.7, 3), (25.3, 123.7, 3), (25.6, 123.7, 3), (25.7, 123.7, 3), (25.9, 123.8, 3), (26.1, 124.0, 3), (26.4, 124.3, 3), (26.6, 124.6, 3), (26.7, 124.8, 3), (26.8, 125.0, 3), (26.9, 125.3, 3), (27.0, 125.6, 3), (27.1, 125.9, 3), (27.3, 126.1, 3), (27.5, 126.3, 3), (27.8, 126.4, 3), (28.1, 126.4, 3), (28.3, 126.3, 3), (28.3, 126.2, 3), (28.4, 126.0, 3), (28.7, 125.8, 3), (29.1, 125.7, 3), (29.5, 125.6, 3), (29.8, 125.5, 3), (30.2, 125.4, 3), (30.6, 125.2, 3), (30.9, 124.9, 3), (31.4, 124.8, 3), (31.8, 124.7, 3), (32.2, 124.5, 3), (32.8, 124.4, 3), (33.4, 124.3, 3), (34.2, 124.4, 3), (35.0, 124.5, 3), (36.1, 124.7, 3), (37.1, 124.7, 3), (38.0, 124.7, 3), (39.0, 124.9, 3), (40.2, 125.0, 3), (41.6, 125.1, 3)]",BAVI
2020239N13134,"[(16.6, 132.0, 0), (16.6, 131.8, 3), (16.7, 131.5, 3), (16.8, 131.2, 3), (16.8, 130.8, 3), (16.7, 130.3, 3), (16.5, 129.8, 3), (16.4, 129.6, 3), (16.4, 129.6, 3), (16.3, 129.6, 3), (16.3, 129.7, 3), (16.4, 129.7, 3), (16.5, 129.7, 3), (16.5, 129.5, 3), (16.6, 129.2, 3), (16.8, 129.1, 3), (17.0, 129.0, 3), (17.1, 129.0, 3), (17.3, 129.0, 3), (17.8, 129.0, 3), (18.5, 128.9, 3), (19.0, 128.8, 3), (19.6, 128.8, 3), (20.2, 128.8, 3), (20.8, 128.7, 3), (21.6, 128.7, 3), (22.4, 128.5, 3), (23.2, 128.1, 3), (24.0, 127.7, 3), (24.5, 127.4, 3), (25.0, 127.2, 3), (25.6, 126.9, 3), (26.1, 126.5, 3), (26.5, 126.2, 3), (26.8, 126.0, 3), (27.2, 126.0, 3), (27.6, 126.1, 3), (28.1, 126.2, 3), (28.4, 126.3, 3), (28.9, 126.5, 3), (29.3, 126.5, 3), (30.0, 126.5, 3), (30.4, 126.6, 3), (30.9, 126.8, 3), (31.6, 127.1, 3), (32.4, 127.5, 3), (33.1, 127.8, 3), (34.1, 128.2, 3), (35.4, 128.9, 3), (37.1, 129.3, 3), (38.7, 129.3, 3), (40.2, 129.2, 3), (42.4, 128.8, 3)]",MAYSAK
2020244N25146,"[(21.5, 144.9, 0), (21.2, 144.7, 3), (20.9, 144.5, 3), (20.7, 144.2, 3), (20.5, 143.9, 3), (20.3, 143.6, 3), (20.0, 143.2, 3), (19.6, 142.8, 3), (19.3, 142.3, 3), (19.2, 141.9, 3), (19.3, 141.4, 3), (19.4, 141.0, 3), (19.5, 140.5, 3), (19.8, 140.0, 3), (20.0, 139.4, 3), (20.1, 138.9, 3), (20.2, 138.5, 3), (20.4, 138.1, 3), (20.6, 137.6, 3), (20.8, 137.1, 3), (20.9, 136.6, 3), (21.0, 136.2, 3), (21.2, 135.8, 3), (21.4, 135.4, 3), (21.7, 135.1, 3), (22.0, 134.7, 3), (22.2, 134.3, 3), (22.4, 133.9, 3), (22.6, 133.5, 3), (22.9, 133.0, 3), (23.3, 132.6, 3), (23.6, 132.3, 3), (23.9, 132.1, 3), (24.3, 131.8, 3), (24.7, 131.5, 3), (25.1, 131.3, 3), (25.5, 131.1, 3), (25.9, 131.0, 3), (26.4, 130.9, 3), (27.0, 130.8, 3), (27.7, 130.6, 3), (28.5, 130.4, 3), (29.4, 130.0, 3), (30.2, 129.7, 3), (31.0, 129.4, 3), (31.9, 129.2, 3), (33.0, 129.0, 3), (33.9, 129.0, 3), (35.5, 129.2, 3), (36.9, 129.2, 3), (38.4, 129.0, 3), (39.3, 128.7, 3), (40.0, 128.7, 3)]",HAISHEN
2020258N11127,"[(12.4, 120.4, 0), (12.6, 119.9, 3), (12.7, 119.4, 3), (12.8, 118.9, 3), (12.9, 118.5, 3), (13.0, 118.0, 3), (13.2, 117.6, 3), (13.3, 117.2, 3), (13.5, 116.8, 3), (13.6, 116.5, 3), (13.8, 116.1, 3), (14.0, 115.7, 3), (14.3, 115.2, 3), (14.5, 114.9, 3), (14.7, 114.5, 3), (15.1, 113.8, 3), (15.4, 113.1, 3), (15.6, 112.6, 3), (15.8, 112.0, 3), (15.9, 111.2, 3), (16.0, 110.2, 3), (16.1, 109.3, 3), (16.2, 108.2, 3), (16.3, 106.7, 3), (16.3, 105.3, 3), (16.2, 104.5, 3), (16.1, 104.0, 3)]",NOUL
2020263N21136,"[(24.9, 134.6, 0), (25.0, 134.8, 3), (25.2, 135.0, 3), (25.4, 135.1, 3), (25.6, 135.2, 3), (25.9, 135.2, 3), (26.2, 135.2, 3), (26.5, 135.2, 3), (26.8, 135.2, 3), (27.3, 135.2, 3), (28.0, 135.4, 3), (28.7, 135.7, 3), (29.4, 136.1, 3), (29.8, 136.3, 3), (30.1, 136.5, 3), (30.7, 137.0, 3), (31.3, 137.6, 3), (31.7, 138.0, 3), (32.1, 138.6, 3), (32.5, 139.7, 3), (32.8, 140.8, 3), (32.9, 141.2, 3), (32.9, 141.4, 3), (32.9, 141.5, 3), (32.9, 141.7, 3)]",DOLPHIN
2020270N17159,"[(18.9, 159.9, 0), (19.2, 159.8, 3), (19.5, 159.6, 3), (19.8, 159.3, 3), (20.3, 158.8, 3), (21.0, 158.1, 3), (21.8, 157.3, 3), (22.5, 156.7, 3), (23.3, 156.2, 3), (24.0, 155.5, 3), (24.8, 154.8, 3), (25.6, 154.3, 3), (26.4, 153.9, 3), (27.0, 153.5, 3), (27.6, 153.2, 3), (28.1, 153.1, 3), (28.7, 153.1, 3), (29.4, 153.1, 3), (30.3, 153.3, 3), (31.4, 153.6, 3), (32.6, 154.1, 3), (33.7, 154.6, 3), (34.8, 155.2, 3), (35.7, 155.7, 3), (36.6, 156.4, 3), (37.5, 157.3, 3), (38.3, 158.3, 3), (38.8, 159.3, 3), (39.3, 160.4, 3), (39.8, 161.5, 3), (40.4, 162.7, 3)]",KUJIRA
2020277N21141,"[(22.3, 139.5, 0), (22.4, 139.4, 3), (22.4, 139.1, 3), (22.2, 138.7, 3), (22.1, 138.4, 3), (22.3, 138.6, 3), (22.6, 139.0, 3), (22.9, 139.2, 3), (23.1, 139.2, 3), (23.3, 139.2, 3), (23.5, 139.0, 3), (23.7, 138.8, 3), (23.9, 138.5, 3), (24.0, 138.3, 3), (24.1, 138.1, 3), (24.1, 137.8, 3), (24.2, 137.5, 3), (24.4, 137.1, 3), (24.6, 136.7, 3), (24.8, 136.3, 3), (25.1, 135.8, 3), (25.4, 135.3, 3), (25.8, 134.7, 3), (26.1, 134.2, 3), (26.4, 133.8, 3), (26.8, 133.3, 3), (27.2, 132.9, 3), (27.5, 132.8, 3), (27.9, 132.8, 3), (28.3, 132.8, 3), (28.7, 132.9, 3), (29.1, 133.1, 3), (29.4, 133.3, 3), (29.8, 133.4, 3), (30.1, 133.5, 3), (30.1, 133.4, 3), (30.1, 133.3, 3), (30.4, 133.4, 3), (30.7, 133.6, 3), (30.9, 133.9, 3), (31.0, 134.2, 3), (31.2, 134.6, 3), (31.4, 135.0, 3), (31.7, 135.3, 3), (32.0, 135.7, 3), (32.1, 136.3, 3), (32.1, 137.0, 3), (32.1, 137.5, 3), (32.1, 138.0, 3), (32.1, 138.6, 3), (32.1, 139.2, 3), (32.0, 139.9, 3), (31.9, 140.5, 3), (31.8, 141.0, 3), (31.7, 141.4, 3), (31.5, 141.8, 3), (31.3, 142.1, 3), (31.1, 142.2, 3), (30.8, 142.1, 3)]",CHAN-HOM
2020281N14126,"[(14.2, 113.5, 0), (14.4, 112.6, 3), (14.5, 111.7, 3), (14.6, 110.9, 3), (14.7, 110.3, 3), (14.7, 109.7, 3), (14.6, 109.2, 3), (14.6, 109.1, 3), (14.6, 109.0, 3), (14.5, 108.7, 3), (14.3, 108.3, 3)]",LINFA
2020285N17120,"[(17.4, 119.1, 0), (17.5, 118.7, 3), (17.6, 118.2, 3), (17.8, 117.7, 3), (17.9, 117.1, 3), (18.0, 116.6, 3), (18.0, 116.1, 3), (18.1, 115.4, 3), (18.1, 114.6, 3), (18.1, 114.0, 3), (18.1, 113.4, 3), (18.2, 112.8, 3), (18.3, 112.2, 3), (18.5, 111.7, 3), (18.7, 111.2, 3), (18.9, 110.9, 3), (19.1, 110.5, 3), (19.3, 109.6, 3), (19.5, 108.7, 3), (19.6, 108.1, 3), (19.7, 107.6, 3), (19.8, 107.1, 3), (19.8, 106.6, 3), (19.8, 106.2, 3), (19.9, 105.8, 3)]",NANGKA
2020291N06141,"[(13.5, 129.7, 0), (13.7, 129.0, 3), (13.9, 128.3, 3), (14.1, 127.7, 3), (14.3, 127.2, 3), (14.6, 126.7, 3), (15.0, 126.1, 3), (15.3, 125.6, 3), (15.5, 125.0, 3), (15.7, 124.1, 3), (15.9, 123.2, 3), (16.1, 122.5, 3), (16.2, 121.8, 3), (16.3, 121.0, 3), (16.4, 120.2, 3), (16.3, 119.5, 3), (16.1, 118.9, 3), (16.0, 118.4, 3), (15.9, 118.1, 3), (15.8, 117.8, 3), (15.9, 117.5, 3), (16.2, 117.3, 3), (16.5, 117.1, 3), (16.6, 116.9, 3), (16.7, 116.8, 3), (16.8, 116.6, 3), (17.0, 116.4, 3), (17.1, 116.3, 3), (17.3, 116.2, 3), (17.5, 116.0, 3), (17.7, 115.8, 3), (17.8, 115.6, 3), (17.8, 115.5, 3), (17.8, 115.3, 3), (17.8, 115.1, 3), (17.8, 115.0, 3), (17.7, 114.9, 3), (17.6, 114.6, 3), (17.5, 114.3, 3), (17.5, 113.9, 3), (17.5, 113.5, 3), (17.5, 113.1, 3), (17.5, 112.7, 3), (17.4, 112.2, 3), (17.4, 111.7, 3), (17.4, 111.0, 3), (17.4, 110.3, 3), (17.4, 109.8, 3), (17.4, 109.3, 3), (17.4, 108.6, 3), (17.4, 108.1, 3), (17.4, 107.9, 3), (17.5, 107.9, 3)]",SAUDEL
2020296N09137,"[(11.1, 132.9, 0), (11.5, 132.6, 3), (11.9, 132.2, 3), (12.4, 131.6, 3), (12.8, 131.0, 3), (13.0, 130.5, 3), (13.1, 130.0, 3), (13.2, 129.5, 3), (13.3, 128.9, 3), (13.4, 128.4, 3), (13.4, 127.8, 3), (13.4, 127.1, 3), (13.4, 126.3, 3), (13.4, 125.7, 3), (13.4, 125.1, 3), (13.3, 124.3, 3), (13.2, 123.4, 3), (13.1, 122.6, 3), (13.1, 121.9, 3), (13.1, 121.3, 3), (13.0, 120.6, 3), (12.9, 119.8, 3), (12.8, 119.0, 3), (12.8, 118.3, 3), (12.9, 117.6, 3), (13.1, 116.8, 3), (13.3, 116.0, 3), (13.3, 115.2, 3), (13.3, 114.5, 3), (13.3, 113.9, 3), (13.4, 113.3, 3), (13.4, 112.8, 3), (13.5, 112.3, 3), (13.7, 111.6, 3), (13.9, 110.9, 3), (14.2, 110.3, 3), (14.5, 109.8, 3), (14.8, 109.4, 3), (15.0, 109.0, 3), (15.2, 108.4, 3), (15.3, 107.8, 3), (15.4, 107.1, 3), (15.4, 106.4, 3)]",MOLAVE
2020299N11144,"[(16.0, 140.6, 0), (16.0, 140.4, 3), (16.1, 140.3, 3), (16.2, 140.2, 3), (16.3, 140.1, 3), (16.4, 139.9, 3), (16.5, 139.7, 3), (16.6, 139.4, 3), (16.6, 139.1, 3), (16.6, 138.7, 3), (16.6, 138.2, 3), (16.6, 137.6, 3), (16.5, 137.0, 3), (16.5, 136.5, 3), (16.5, 135.9, 3), (16.5, 135.3, 3), (16.5, 134.6, 3), (16.5, 134.0, 3), (16.4, 133.4, 3), (16.3, 133.0, 3), (16.3, 132.7, 3), (16.4, 132.2, 3), (16.4, 131.6, 3), (16.3, 131.2, 3), (16.1, 130.9, 3), (16.0, 130.4, 3), (15.9, 129.9, 3), (15.6, 129.4, 3), (15.3, 128.8, 3), (15.0, 128.3, 3), (14.7, 127.7, 3), (14.4, 127.1, 3), (14.2, 126.5, 3), (13.9, 125.8, 3), (13.7, 125.1, 3), (13.5, 124.3, 3), (13.5, 123.5, 3), (13.5, 122.9, 3), (13.7, 122.4, 3), (13.9, 122.0, 3), (14.2, 121.5, 3), (14.4, 120.7, 3), (14.6, 119.8, 3), (14.7, 119.2, 3), (14.8, 118.7, 3), (14.9, 118.3, 3), (15.0, 117.9, 3), (15.1, 117.3, 3), (15.2, 116.8, 3), (15.2, 116.5, 3), (15.1, 116.3, 3), (15.0, 116.0, 3), (14.8, 115.7, 3), (14.7, 115.5, 3), (14.7, 115.3, 3), (14.6, 115.1, 3), (14.6, 114.9, 3), (14.5, 114.6, 3), (14.5, 114.3, 3), (14.5, 113.9, 3), (14.4, 113.6, 3), (14.3, 113.4, 3), (14.3, 113.3, 3), (14.3, 113.0, 3), (14.3, 112.7, 3), (14.3, 112.5, 3), (14.3, 112.3, 3), (14.3, 112.1, 3), (14.3, 111.8, 3), (14.2, 111.6, 3), (14.0, 111.4, 3), (13.9, 111.2, 3), (13.9, 111.0, 3)]",GONI
2020303N05149,"[(7.1, 150.0, 0), (7.9, 149.2, 3), (8.5, 148.4, 3), (9.0, 147.7, 3), (9.4, 147.1, 3), (9.9, 146.5, 3), (10.3, 145.8, 3), (10.6, 144.9, 3), (10.8, 143.9, 3), (11.2, 143.1, 3), (11.7, 142.4, 3), (12.0, 141.8, 3), (12.4, 141.3, 3), (13.1, 140.6, 3), (13.7, 139.9, 3), (14.0, 139.2, 3), (14.2, 138.5, 3), (14.3, 137.8, 3), (14.5, 137.1, 3), (14.7, 136.5, 3), (15.0, 136.0, 3), (15.3, 135.4, 3), (15.6, 134.6, 3), (16.0, 133.5, 3), (16.4, 132.3, 3), (16.7, 131.3, 3), (17.0, 130.5, 3), (17.2, 129.9, 3), (17.5, 129.3, 3), (17.9, 128.6, 3), (18.4, 128.0, 3), (18.7, 127.6, 3), (19.0, 127.3, 3), (19.4, 127.1, 3), (19.7, 127.0, 3), (19.9, 127.1, 3), (20.0, 127.3, 3), (20.0, 127.4, 3), (20.0, 127.6, 3), (20.0, 127.8, 3), (20.0, 128.0, 3), (19.9, 128.3, 3), (19.8, 128.5, 3), (19.8, 128.7, 3), (19.8, 128.9, 3), (19.9, 129.2, 3), (20.0, 129.4, 3), (20.1, 129.4, 3), (20.2, 129.2, 3), (20.2, 129.0, 3), (20.2, 128.7, 3), (20.1, 128.2, 3), (20.0, 127.7, 3), (20.0, 127.3, 3), (20.0, 126.9, 3), (20.0, 126.2, 3), (20.1, 125.5, 3), (20.2, 124.9, 3), (20.4, 124.2, 3), (20.6, 123.5, 3), (20.7, 122.8, 3), (20.8, 122.3, 3), (20.9, 121.8, 3), (21.0, 121.3, 3), (21.2, 120.9, 3), (21.4, 120.5, 3), (21.7, 120.2, 3), (22.0, 119.9, 3), (22.2, 119.7, 3), (22.4, 119.5, 3), (22.5, 119.4, 3), (22.6, 119.3, 3), (22.7, 119.1, 3)]",ATSANI
2020312N10131,"[(12.3, 120.6, 0), (12.4, 120.1, 3), (12.4, 119.5, 3), (12.4, 118.5, 3), (12.5, 117.4, 3), (12.7, 116.2, 3), (12.8, 115.1, 3), (12.9, 114.3, 3), (12.9, 113.6, 3), (12.9, 112.9, 3), (12.9, 112.2, 3), (12.8, 111.7, 3), (12.7, 111.3, 3), (12.5, 111.1, 3), (12.4, 110.9, 3), (12.3, 110.6, 3), (12.3, 110.2, 3), (12.4, 109.6, 3), (12.5, 108.9, 3), (12.5, 108.1, 3), (12.4, 107.2, 3)]",ETAU
2020313N08135,"[(10.2, 130.9, 0), (10.6, 130.9, 3), (10.9, 130.9, 3), (11.2, 130.8, 3), (11.5, 130.7, 3), (11.7, 130.5, 3), (11.9, 130.3, 3), (12.1, 130.0, 3), (12.3, 129.6, 3), (12.5, 129.3, 3), (12.7, 129.0, 3), (13.0, 128.7, 3), (13.3, 128.3, 3), (13.6, 128.0, 3), (13.9, 127.7, 3), (14.2, 127.2, 3), (14.5, 126.7, 3), (14.6, 126.1, 3), (14.6, 125.6, 3), (14.6, 125.1, 3), (14.6, 124.6, 3), (14.5, 124.1, 3), (14.5, 123.6, 3), (14.5, 123.2, 3), (14.5, 122.8, 3), (14.7, 122.1, 3), (14.9, 121.3, 3), (15.0, 120.6, 3), (15.1, 120.0, 3), (15.1, 119.2, 3), (15.1, 118.5, 3), (14.9, 117.9, 3), (14.8, 117.4, 3), (14.9, 116.9, 3), (15.1, 116.4, 3), (15.3, 116.0, 3), (15.4, 115.5, 3), (15.4, 115.0, 3), (15.4, 114.4, 3), (15.4, 113.9, 3), (15.5, 113.4, 3), (15.5, 112.9, 3), (15.6, 112.4, 3), (15.6, 112.0, 3), (15.7, 111.5, 3), (15.8, 110.9, 3), (15.9, 110.3, 3), (16.0, 109.9, 3), (16.2, 109.5, 3), (16.4, 109.1, 3), (16.6, 108.6, 3), (16.8, 108.2, 3), (17.0, 107.7, 3), (17.2, 107.2, 3), (17.5, 106.7, 3), (17.8, 106.2, 3), (18.0, 105.8, 3)]",VAMCO
2020353N06129,"[(8.0, 121.6, 0), (8.2, 121.3, 3), (8.5, 120.9, 3), (8.8, 120.5, 3), (9.1, 119.9, 3), (9.3, 118.9, 3), (9.4, 117.9, 3), (9.5, 117.3, 3), (9.6, 116.9, 3), (9.6, 116.4, 3), (9.7, 116.0, 3), (9.8, 115.6, 3), (9.9, 115.3, 3), (9.9, 114.9, 3), (9.9, 114.5, 3), (9.8, 114.2, 3), (9.7, 113.9, 3)]",KROVANH
2021046N06142,"[(6.4, 133.0, 0), (6.6, 132.6, 3), (6.7, 132.4, 3), (6.8, 132.5, 3), (6.9, 132.7, 3), (7.0, 132.7, 3), (7.1, 132.5, 3), (7.2, 132.3, 3), (7.3, 132.1, 3), (7.3, 131.9, 3), (7.2, 131.7, 3), (7.1, 131.7, 3), (7.1, 131.6, 3), (7.1, 131.5, 3), (7.1, 131.2, 3), (7.1, 130.7, 3), (7.0, 130.2, 3), (6.6, 130.2, 3), (6.2, 130.4, 3), (6.1, 130.7, 3), (6.1, 131.0, 3), (6.3, 131.2, 3), (6.5, 131.3, 3), (6.7, 131.4, 3), (6.9, 131.5, 3)]",DUJUAN
2021102N06144,"[(7.3, 137.7, 0), (7.5, 137.7, 3), (7.6, 137.7, 3), (7.7, 137.7, 3), (7.9, 137.7, 3), (8.1, 137.7, 3), (8.2, 137.7, 3), (8.3, 137.7, 3), (8.4, 137.6, 3), (8.5, 137.5, 3), (8.6, 137.4, 3), (8.7, 137.3, 3), (8.7, 137.1, 3), (8.8, 137.0, 3), (8.8, 136.8, 3), (8.8, 136.7, 3), (8.8, 136.5, 3), (8.8, 136.4, 3), (8.8, 136.2, 3), (8.8, 136.0, 3), (8.7, 135.8, 3), (8.6, 135.5, 3), (8.6, 135.2, 3), (8.7, 134.9, 3), (8.8, 134.5, 3), (9.0, 134.1, 3), (9.2, 133.7, 3), (9.3, 133.3, 3), (9.5, 132.9, 3), (9.7, 132.5, 3), (10.0, 132.1, 3), (10.3, 131.6, 3), (10.7, 131.1, 3), (11.0, 130.6, 3), (11.4, 130.1, 3), (11.8, 129.6, 3), (12.1, 129.2, 3), (12.4, 128.8, 3), (12.6, 128.4, 3), (12.9, 128.0, 3), (13.1, 127.7, 3), (13.3, 127.4, 3), (13.4, 127.1, 3), (13.5, 126.9, 3), (13.6, 126.8, 3), (13.7, 126.6, 3), (13.9, 126.5, 3), (14.0, 126.4, 3), (14.2, 126.4, 3), (14.4, 126.3, 3), (14.6, 126.3, 3), (14.7, 126.3, 3), (14.8, 126.3, 3), (14.9, 126.3, 3), (15.1, 126.3, 3), (15.2, 126.2, 3), (15.4, 126.1, 3), (15.6, 126.0, 3), (15.8, 125.9, 3), (16.1, 125.8, 3), (16.4, 125.7, 3), (16.7, 125.6, 3), (16.9, 125.4, 3), (17.1, 125.3, 3), (17.4, 125.2, 3), (17.8, 125.0, 3), (18.2, 124.9, 3), (18.5, 124.8, 3), (18.8, 124.8, 3), (19.1, 124.8, 3), (19.3, 124.8, 3), (19.5, 124.8, 3), (19.8, 124.9, 3), (20.0, 125.1, 3), (20.3, 125.4, 3), (20.6, 125.8, 3), (20.9, 126.2, 3), (21.2, 126.6, 3), (21.6, 127.0, 3), (22.0, 127.5, 3), (22.3, 128.0, 3), (22.6, 128.5, 3), (22.9, 129.0, 3), (23.1, 129.5, 3), (23.3, 129.9, 3), (23.4, 130.2, 3), (23.3, 130.5, 3), (23.2, 130.9, 3), (23.0, 131.2, 3), (22.9, 131.5, 3), (22.7, 131.8, 3), (22.5, 132.2, 3), (22.2, 132.8, 3), (21.9, 133.5, 3), (21.7, 134.2, 3)]",SURIGAE
2021148N05142,"[(5.9, 133.3, 0), (6.1, 132.9, 3), (6.3, 132.6, 3), (6.6, 132.3, 3), (6.9, 132.0, 3), (7.2, 131.7, 3), (7.6, 131.4, 3), (7.9, 131.1, 3), (8.3, 130.7, 3), (8.7, 130.2, 3), (9.0, 129.7, 3), (9.3, 129.3, 3), (9.5, 129.0, 3), (9.7, 128.6, 3), (9.8, 128.2, 3), (9.9, 127.7, 3), (10.1, 127.2, 3), (10.6, 126.9, 3), (11.1, 126.7, 3), (11.5, 126.3, 3), (11.7, 125.7, 3), (11.9, 124.7, 3), (12.0, 123.7, 3), (12.2, 122.9, 3), (12.5, 122.3, 3), (12.8, 121.8, 3), (13.2, 121.4, 3), (13.6, 120.9, 3), (14.0, 120.5, 3), (14.5, 120.2, 3), (15.1, 119.9, 3), (15.8, 119.6, 3), (16.6, 119.3, 3)]",CHOI-WAN
2021161N18115,"[(17.2, 112.6, 0), (17.5, 112.3, 3), (17.8, 111.9, 3), (18.0, 111.5, 3), (18.2, 111.1, 3), (18.3, 110.6, 3), (18.5, 110.0, 3), (18.7, 109.4, 3), (18.9, 108.8, 3), (19.2, 108.0, 3), (19.5, 107.3, 3), (19.6, 106.9, 3), (19.7, 106.5, 3), (19.7, 105.6, 3), (19.8, 104.6, 3), (19.9, 103.9, 3), (20.1, 103.3, 3)]",KOGUMA
2021171N09152,"[(13.4, 143.2, 0), (13.6, 142.8, 3), (13.8, 142.4, 3), (14.0, 142.0, 3), (14.2, 141.7, 3), (14.4, 141.5, 3), (14.7, 141.3, 3), (15.1, 141.1, 3), (15.5, 140.9, 3), (15.9, 140.7, 3), (16.4, 140.5, 3), (16.9, 140.4, 3), (17.4, 140.4, 3), (17.6, 140.4, 3), (17.8, 140.3, 3), (18.1, 140.2, 3), (18.5, 140.0, 3), (18.7, 139.9, 3), (19.0, 139.9, 3), (19.3, 139.8, 3), (19.7, 139.7, 3), (20.0, 139.6, 3), (20.3, 139.5, 3), (20.7, 139.3, 3), (21.1, 139.2, 3), (21.5, 139.1, 3), (22.0, 139.1, 3), (22.4, 139.1, 3), (22.8, 139.1, 3), (23.3, 139.2, 3), (23.8, 139.3, 3), (24.3, 139.4, 3), (24.8, 139.5, 3), (25.3, 139.6, 3), (25.8, 139.8, 3), (26.2, 139.9, 3), (26.7, 140.1, 3), (27.5, 140.3, 3), (28.4, 140.6, 3), (29.1, 140.9, 3), (29.8, 141.2, 3), (30.8, 141.7, 3), (31.9, 142.3, 3), (33.0, 143.0, 3), (34.0, 143.8, 3)]",CHAMPI
2021197N17135,"[(19.0, 134.3, 0), (19.5, 134.3, 3), (19.9, 134.2, 3), (20.3, 134.0, 3), (20.7, 133.8, 3), (21.1, 133.6, 3), (21.4, 133.3, 3), (21.7, 132.9, 3), (21.9, 132.6, 3), (22.1, 132.4, 3), (22.3, 132.3, 3), (22.5, 132.2, 3), (22.6, 132.1, 3), (22.7, 132.0, 3), (22.9, 132.0, 3), (23.0, 132.0, 3), (23.2, 132.0, 3), (23.4, 132.1, 3), (23.6, 132.1, 3), (23.8, 132.1, 3), (23.9, 132.0, 3), (24.0, 131.9, 3), (24.0, 131.8, 3), (24.0, 131.8, 3), (24.0, 131.8, 3), (24.1, 131.6, 3), (24.2, 131.3, 3), (24.3, 131.0, 3), (24.5, 130.7, 3), (24.6, 130.2, 3), (24.7, 129.7, 3), (24.7, 129.3, 3), (24.6, 128.9, 3), (24.4, 128.5, 3), (24.2, 128.2, 3), (24.1, 128.1, 3), (24.1, 127.9, 3), (24.2, 127.6, 3), (24.2, 127.2, 3), (24.1, 126.9, 3), (23.9, 126.7, 3), (23.8, 126.4, 3), (23.7, 126.1, 3), (23.5, 126.0, 3), (23.3, 126.0, 3), (23.3, 125.9, 3), (23.4, 125.8, 3), (23.5, 125.9, 3), (23.6, 125.9, 3), (23.6, 125.7, 3), (23.7, 125.5, 3), (23.9, 125.5, 3), (24.2, 125.5, 3), (24.4, 125.3, 3), (24.6, 125.0, 3), (24.7, 125.0, 3), (24.8, 125.0, 3), (25.2, 125.0, 3), (25.6, 125.0, 3), (26.0, 124.9, 3), (26.4, 124.7, 3), (26.8, 124.5, 3), (27.2, 124.3, 3), (27.6, 124.1, 3), (28.0, 124.0, 3), (28.3, 123.8, 3), (28.6, 123.6, 3), (29.1, 123.3, 3), (29.6, 122.9, 3), (29.9, 122.6, 3), (30.0, 122.4, 3), (30.1, 122.2, 3), (30.2, 122.1, 3), (30.3, 121.9, 3), (30.4, 121.7, 3), (30.5, 121.5, 3), (30.6, 121.3, 3), (30.8, 121.1, 3), (30.9, 120.8, 3), (31.0, 120.6, 3), (31.1, 120.4, 3), (31.2, 120.2, 3), (31.3, 119.9, 3), (31.3, 119.6, 3), (31.3, 119.4, 3)]",IN-FA
2021198N19117,"[(20.7, 113.4, 0), (20.8, 113.3, 3), (20.9, 113.2, 3), (21.0, 113.1, 3), (21.0, 112.9, 3), (21.0, 112.8, 3), (21.0, 112.7, 3), (21.1, 112.6, 3), (21.2, 112.5, 3), (21.2, 112.5, 3), (21.3, 112.5, 3), (21.4, 112.5, 3), (21.5, 112.4, 3), (21.6, 112.2, 3), (21.7, 112.0, 3), (21.7, 111.8, 3), (21.7, 111.5, 3), (21.7, 111.2, 3), (21.8, 110.9, 3), (21.9, 110.6, 3), (22.1, 110.3, 3)]",CEMPAKA
2021204N21146,"[(23.7, 148.3, 0), (24.0, 148.6, 3), (24.3, 148.8, 3), (24.5, 149.0, 3), (24.8, 149.2, 3), (25.0, 149.4, 3), (25.4, 149.6, 3), (26.0, 149.9, 3), (26.6, 150.1, 3), (27.0, 150.2, 3), (27.4, 150.2, 3), (27.8, 150.2, 3), (28.1, 150.2, 3), (28.3, 150.0, 3), (28.6, 149.9, 3), (29.1, 149.9, 3), (29.6, 150.0, 3), (30.1, 150.2, 3), (30.7, 150.4, 3), (31.3, 150.4, 3), (32.1, 150.1, 3), (33.1, 149.2, 3), (33.9, 148.1, 3), (34.3, 147.4, 3), (34.5, 146.6, 3), (34.8, 145.6, 3), (34.9, 144.5, 3), (34.7, 143.5, 3), (34.5, 142.7, 3), (34.6, 142.5, 3), (34.9, 142.5, 3), (35.3, 142.3, 3), (35.8, 142.2, 3), (36.2, 142.2, 3), (36.5, 142.2, 3)]",NEPARTAK
2021214N21110,"[(21.6, 113.1, 0), (21.6, 113.3, 3), (21.6, 113.5, 3), (21.4, 113.8, 3), (21.2, 114.1, 3), (21.1, 114.3, 3), (21.0, 114.6, 3), (21.1, 115.1, 3), (21.2, 115.5, 3), (21.3, 115.7, 3), (21.4, 115.9, 3), (21.6, 116.1, 3), (21.8, 116.3, 3), (22.1, 116.5, 3), (22.5, 116.7, 3), (22.8, 116.7, 3), (23.1, 116.7, 3), (23.4, 116.7, 3), (23.6, 116.8, 3), (23.8, 117.0, 3), (24.0, 117.2, 3), (24.2, 117.4, 3), (24.3, 117.7, 3), (24.4, 117.9, 3), (24.5, 118.2, 3), (24.6, 118.5, 3), (24.8, 118.8, 3), (24.9, 119.2, 3), (25.0, 119.5, 3), (24.9, 119.8, 3), (24.9, 120.0, 3), (25.0, 120.2, 3), (25.1, 120.6, 3), (25.3, 121.6, 3), (25.6, 122.8, 3), (26.3, 123.6, 3), (27.1, 124.2, 3), (27.8, 124.8, 3), (28.4, 125.4, 3), (29.0, 126.0, 3), (29.7, 126.8, 3), (30.0, 127.4, 3), (30.3, 128.3, 3), (30.7, 129.6, 3), (31.2, 130.5, 2), (31.6, 130.9, 1), (32.8, 131.9, 3), (33.9, 132.9, 3)]",LUPIT
2021215N24124,"[(24.7, 125.1, 0), (24.8, 125.2, 3), (24.9, 125.2, 3), (25.0, 125.3, 3), (25.1, 125.4, 3), (25.4, 125.7, 3), (25.7, 126.1, 3), (25.9, 126.4, 3), (26.1, 126.6, 3), (26.2, 126.9, 3), (26.4, 127.2, 3), (26.6, 127.6, 3), (26.8, 128.1, 3), (26.9, 128.5, 3), (26.9, 128.9, 3), (26.8, 129.6, 3), (26.8, 130.3, 3), (26.9, 130.7, 3), (27.1, 131.1, 3), (27.3, 132.0, 3), (27.5, 133.0, 3), (27.7, 133.9, 3), (28.0, 134.8, 3), (28.2, 135.6, 3), (28.5, 136.3, 3), (28.9, 136.9, 3), (29.4, 137.5, 3), (30.1, 138.1, 3), (30.9, 138.5, 3), (31.4, 138.8, 3), (31.9, 139.0, 3), (32.6, 139.3, 3), (33.2, 139.6, 3), (33.7, 140.0, 3), (34.1, 140.6, 3), (34.7, 141.3, 3), (35.2, 142.1, 3), (35.7, 142.8, 3), (36.1, 143.5, 3), (36.5, 144.3, 3), (36.9, 145.1, 3), (37.3, 146.0, 3), (37.7, 147.1, 3), (38.0, 148.3, 3), (38.3, 149.7, 3), (38.6, 151.1, 3), (38.7, 152.4, 3), (38.6, 153.6, 3), (38.4, 154.6, 3)]",MIRINAE
2021216N22144,"[(27.6, 147.7, 0), (28.1, 147.8, 3), (28.7, 147.9, 3), (29.4, 147.9, 3), (30.1, 147.8, 3), (30.8, 147.7, 3), (31.5, 147.6, 3), (32.1, 147.6, 3), (32.6, 147.7, 3), (33.1, 147.8, 3), (33.6, 147.9, 3), (34.0, 148.2, 3), (34.5, 148.6, 3), (35.0, 149.1, 3), (35.5, 149.8, 3), (35.9, 150.5, 3), (36.3, 151.2, 3), (36.7, 152.0, 3), (37.1, 153.0, 3), (37.5, 154.1, 3), (38.0, 155.4, 3), (38.4, 156.7, 3), (38.8, 157.9, 3), (39.0, 159.0, 3), (39.2, 160.1, 3), (39.3, 161.4, 3), (39.4, 162.9, 3)]",NIDA
2021219N08193,"[(18.1, 130.2, 0), (18.6, 130.0, 3), (19.0, 129.8, 3), (19.4, 129.6, 3), (19.9, 129.3, 3), (20.7, 128.8, 3), (21.4, 128.3, 3), (21.8, 128.0, 3), (22.0, 127.8, 3), (22.4, 127.5, 3), (22.8, 127.1, 3), (23.1, 126.8, 3), (23.5, 126.5, 3), (23.9, 126.1, 3), (24.3, 125.8, 3), (24.7, 125.5, 3), (25.1, 125.3, 3), (25.5, 125.1, 3), (26.0, 125.0, 3), (26.5, 124.8, 3), (27.1, 124.8, 3), (27.9, 125.2, 3), (28.9, 125.5, 3), (30.1, 125.5, 3), (31.3, 125.6, 3), (32.4, 126.2, 3), (33.7, 127.2, 3), (35.0, 128.5, 3), (36.1, 129.5, 3), (37.1, 130.5, 3)]",OMAIS
2021248N11131,"[(9.8, 128.6, 0), (10.0, 128.1, 3), (10.2, 127.7, 3), (10.4, 127.3, 3), (10.6, 126.9, 3), (10.9, 126.4, 3), (11.2, 125.8, 3), (11.4, 125.3, 3), (11.6, 124.9, 3), (11.7, 124.5, 3), (11.9, 124.2, 3), (12.1, 123.9, 3), (12.3, 123.5, 3), (12.6, 123.1, 3), (12.8, 122.7, 3), (13.0, 122.3, 3), (13.2, 122.0, 3), (13.4, 121.7, 3), (13.6, 121.4, 3), (13.8, 121.1, 3), (14.1, 120.8, 3), (14.4, 120.5, 3), (14.7, 120.1, 3), (15.0, 119.7, 3), (15.3, 119.2, 3), (15.4, 118.7, 3), (15.5, 118.2, 3), (15.7, 117.7, 3), (15.8, 117.0, 3), (15.9, 116.0, 3), (15.9, 115.1, 3), (15.8, 114.5, 3), (15.7, 114.1, 3), (15.6, 113.5, 3), (15.6, 113.0, 3), (15.6, 112.6, 3), (15.7, 112.2, 3), (15.7, 111.8, 3), (15.7, 111.5, 3), (15.6, 111.2, 3), (15.6, 110.8, 3), (15.6, 110.3, 3), (15.6, 109.9, 3), (15.6, 109.6, 3), (15.5, 109.5, 3), (15.4, 109.4, 3), (15.3, 109.3, 3), (15.2, 109.2, 3), (15.2, 109.2, 3)]",CONSON
2021248N12141,"[(14.7, 138.2, 0), (15.0, 137.8, 3), (15.2, 137.5, 3), (15.4, 137.2, 3), (15.6, 136.9, 3), (15.8, 136.4, 3), (16.0, 135.8, 3), (16.1, 135.1, 3), (16.2, 134.5, 3), (16.2, 134.0, 3), (16.2, 133.5, 3), (16.1, 132.9, 3), (16.0, 132.3, 3), (15.8, 131.8, 3), (15.7, 131.4, 3), (15.6, 130.9, 3), (15.5, 130.3, 3), (15.4, 129.7, 3), (15.4, 129.1, 3), (15.4, 128.5, 3), (15.5, 128.0, 3), (15.6, 127.5, 3), (15.8, 127.1, 3), (15.9, 126.6, 3), (16.1, 126.0, 3), (16.3, 125.5, 3), (16.6, 125.0, 3), (16.8, 124.5, 3), (17.1, 124.1, 3), (17.5, 123.8, 3), (17.9, 123.5, 3), (18.4, 123.2, 3), (18.8, 122.9, 3), (19.2, 122.6, 3), (19.5, 122.3, 3), (19.9, 122.1, 3), (20.3, 121.9, 3), (20.7, 121.7, 3), (21.0, 121.5, 3), (21.4, 121.5, 3), (21.8, 121.7, 3), (22.3, 121.8, 3), (22.8, 122.0, 3), (23.3, 122.2, 3), (23.9, 122.4, 3), (24.6, 122.4, 3), (25.3, 122.3, 3), (25.8, 122.5, 3), (26.3, 122.7, 3), (26.9, 122.9, 3), (27.7, 123.1, 3), (28.4, 123.3, 3), (29.1, 123.6, 3), (30.0, 123.5, 3), (30.6, 123.4, 3), (30.9, 123.3, 3), (31.1, 123.3, 3), (31.3, 123.4, 3), (31.4, 123.5, 3), (31.4, 123.7, 3), (31.2, 123.8, 3), (31.0, 124.1, 3), (30.8, 124.3, 3), (30.5, 124.6, 3), (30.4, 124.9, 3), (30.3, 125.1, 3), (30.2, 125.3, 3), (30.1, 125.6, 3), (30.1, 125.9, 3), (30.2, 126.0, 3), (30.3, 126.0, 3), (30.3, 125.8, 3), (30.2, 125.5, 3), (30.2, 125.3, 3), (30.3, 125.2, 3), (30.4, 125.2, 3), (30.5, 125.2, 3), (30.7, 125.2, 3), (31.1, 125.4, 3), (31.4, 125.6, 3), (31.7, 125.8, 3), (32.0, 126.1, 3), (32.3, 126.4, 3), (32.7, 127.0, 3), (33.0, 127.6, 3), (33.3, 128.3, 3), (33.5, 129.3, 3), (33.6, 130.4, 3), (33.7, 131.7, 3), (33.7, 132.9, 3), (33.7, 134.1, 3), (33.8, 135.3, 3), (34.0, 136.5, 3)]",CHANTHU
2021264N13119,"[(13.2, 111.8, 0), (13.6, 111.5, 3), (13.9, 111.1, 3), (14.2, 110.7, 3), (14.6, 110.2, 3), (15.0, 109.7, 3), (15.3, 109.1, 3), (15.5, 108.4, 3), (15.7, 107.7, 3)]",DIANMU
2021265N11150,"[(13.1, 144.7, 0), (13.4, 143.8, 3), (13.6, 143.0, 3), (13.8, 142.3, 3), (14.1, 141.8, 3), (14.3, 141.3, 3), (14.6, 140.9, 3), (14.8, 140.5, 3), (15.1, 140.1, 3), (15.5, 139.6, 3), (15.9, 139.2, 3), (16.3, 138.8, 3), (16.6, 138.5, 3), (16.8, 138.3, 3), (17.0, 138.2, 3), (17.3, 138.0, 3), (17.6, 137.8, 3), (17.9, 137.6, 3), (18.1, 137.5, 3), (18.3, 137.3, 3), (18.5, 137.1, 3), (18.6, 136.9, 3), (18.6, 136.8, 3), (18.7, 136.7, 3), (18.8, 136.7, 3), (18.9, 136.7, 3), (19.0, 136.7, 3), (19.2, 136.7, 3), (19.4, 136.7, 3), (19.5, 136.7, 3), (19.6, 136.6, 3), (19.7, 136.6, 3), (19.9, 136.5, 3), (20.1, 136.4, 3), (20.2, 136.4, 3), (20.3, 136.4, 3), (20.5, 136.4, 3), (20.7, 136.3, 3), (20.9, 136.1, 3), (21.2, 135.9, 3), (21.5, 135.7, 3), (21.7, 135.5, 3), (21.9, 135.4, 3), (22.2, 135.3, 3), (22.6, 135.3, 3), (22.9, 135.2, 3), (23.3, 135.2, 3), (23.7, 135.2, 3), (24.1, 135.3, 3), (24.5, 135.4, 3), (24.9, 135.5, 3), (25.4, 135.7, 3), (25.9, 135.9, 3), (26.3, 136.1, 3), (26.8, 136.4, 3), (27.4, 136.8, 3), (28.0, 137.2, 3), (28.5, 137.6, 3), (29.1, 138.1, 3), (29.7, 138.7, 3), (30.4, 139.3, 3), (31.1, 139.9, 3), (31.9, 140.6, 3), (32.8, 141.3, 3), (33.7, 142.1, 3), (34.6, 143.0, 3), (35.6, 143.9, 3), (36.5, 144.8, 3), (37.5, 145.7, 3), (38.5, 146.8, 3), (39.5, 147.9, 3)]",MINDULLE
2021276N07131,"[(16.7, 111.0, 0), (16.8, 111.0, 3), (16.9, 110.9, 3), (17.0, 110.8, 3), (17.2, 110.8, 3), (17.4, 110.8, 3), (17.5, 110.8, 3), (17.6, 110.8, 3), (17.7, 110.8, 3), (18.1, 110.8, 3), (18.5, 110.7, 3), (18.8, 110.6, 3), (19.0, 110.5, 3), (19.2, 110.3, 3), (19.4, 110.2, 3), (19.5, 110.2, 3), (19.6, 110.3, 3), (19.7, 110.3, 3), (19.8, 110.2, 3), (20.0, 110.0, 3), (20.1, 109.7, 3), (20.2, 109.2, 3), (20.2, 108.6, 3), (20.3, 108.0, 3), (20.5, 107.4, 3), (20.7, 106.9, 3), (20.8, 106.5, 3)]",LIONROCK
2021280N14137,"[(12.8, 131.3, 0), (13.0, 130.8, 3), (13.2, 130.5, 3), (13.3, 130.4, 3), (13.3, 130.4, 3), (13.3, 130.3, 3), (13.4, 130.2, 3), (13.5, 130.2, 3), (13.6, 130.1, 3), (13.7, 130.0, 3), (13.7, 129.9, 3), (13.8, 129.8, 3), (13.9, 129.7, 3), (14.0, 129.6, 3), (14.2, 129.6, 3), (14.7, 129.5, 3), (15.3, 129.4, 3), (15.9, 129.1, 3), (16.5, 128.7, 3), (17.1, 128.3, 3), (17.6, 127.8, 3), (17.9, 127.2, 3), (18.2, 126.5, 3), (18.5, 125.8, 3), (18.7, 125.1, 3), (18.6, 124.6, 3), (18.5, 124.2, 3), (18.4, 123.5, 3), (18.4, 122.8, 3), (18.4, 122.2, 3), (18.5, 121.6, 3), (18.5, 121.1, 3), (18.5, 120.6, 3), (18.5, 120.0, 3), (18.6, 119.2, 3), (18.6, 118.3, 3), (18.6, 117.5, 3), (18.6, 116.9, 3), (18.7, 116.3, 3), (18.8, 115.4, 3), (18.8, 114.5, 3), (18.8, 113.7, 3), (18.8, 112.8, 3), (18.8, 111.7, 3), (18.8, 110.7, 3), (18.8, 109.9, 3), (18.8, 109.3, 3), (18.9, 108.7, 3), (19.0, 108.2, 3), (19.1, 107.8, 3), (19.2, 107.4, 3), (19.4, 106.9, 3), (19.5, 106.3, 3), (19.5, 105.9, 3), (19.4, 105.5, 3)]",KOMPASU
2021282N16165,"[(16.6, 161.9, 0), (16.7, 161.5, 3), (16.7, 161.2, 3), (16.7, 160.9, 3), (16.8, 160.6, 3), (16.9, 160.3, 3), (17.0, 159.9, 3), (17.1, 159.6, 3), (17.2, 159.2, 3), (17.4, 158.8, 3), (17.6, 158.3, 3), (17.8, 157.8, 3), (18.0, 157.2, 3), (18.2, 156.6, 3), (18.4, 156.0, 3), (18.5, 155.4, 3), (18.6, 154.8, 3), (18.8, 154.3, 3), (19.0, 153.9, 3), (19.3, 153.6, 3), (19.5, 153.2, 3), (19.5, 152.5, 3), (19.5, 152.0, 3), (19.7, 151.9, 3), (20.1, 152.0, 3), (20.5, 151.8, 3), (20.9, 151.6, 3), (21.3, 151.7, 3), (21.7, 151.9, 3)]",NAMTHEUN
2021295N09145,"[(11.7, 140.2, 0), (11.8, 140.1, 3), (12.0, 140.0, 3), (12.2, 139.8, 3), (12.3, 139.6, 3), (12.4, 139.5, 3), (12.5, 139.5, 3), (12.8, 139.6, 3), (13.2, 139.7, 3), (13.7, 139.6, 3), (14.4, 139.3, 3), (15.5, 138.9, 3), (16.5, 138.6, 3), (17.2, 138.5, 3), (17.7, 138.5, 3), (18.4, 138.5, 3), (18.9, 138.5, 3), (19.1, 138.5, 3), (19.1, 138.6, 3), (19.2, 138.6, 3), (19.3, 138.7, 3), (19.4, 138.8, 3), (19.5, 138.9, 3), (19.7, 139.1, 3), (20.0, 139.2, 3), (20.4, 139.3, 3), (20.7, 139.3, 3), (20.8, 139.3, 3), (20.9, 139.3, 3), (21.1, 139.3, 3), (21.3, 139.4, 3), (21.6, 139.5, 3), (21.9, 139.6, 3), (22.3, 139.7, 3), (22.8, 139.9, 3), (23.2, 140.2, 3), (23.7, 140.5, 3), (24.2, 140.9, 3), (24.9, 141.3, 3), (25.7, 141.8, 3), (26.5, 142.4, 3), (27.2, 142.9, 3), (28.0, 143.4, 3), (28.8, 143.8, 3), (29.7, 144.5, 3), (30.8, 145.6, 3), (32.0, 146.9, 3), (33.0, 148.3, 3), (33.9, 149.8, 3)]",MALOU
2021333N11146,"[(12.7, 140.2, 0), (12.7, 139.6, 3), (12.7, 139.1, 3), (12.7, 138.7, 3), (12.8, 138.3, 3), (12.9, 137.9, 3), (13.0, 137.5, 3), (13.2, 137.1, 3), (13.4, 136.8, 3), (13.5, 136.6, 3), (13.7, 136.4, 3), (13.9, 136.1, 3), (14.2, 135.9, 3), (14.6, 135.7, 3), (15.1, 135.6, 3), (15.5, 135.5, 3), (15.9, 135.5, 3), (16.2, 135.5, 3), (16.6, 135.6, 3), (17.0, 135.7, 3), (17.4, 135.9, 3), (17.8, 136.1, 3), (18.3, 136.5, 3), (18.9, 136.9, 3), (19.6, 137.5, 3), (20.3, 138.1, 3), (21.0, 138.8, 3), (21.7, 139.6, 3), (22.5, 140.5, 3), (23.2, 141.4, 3), (23.9, 142.3, 3), (24.7, 143.2, 3), (25.6, 144.2, 3), (26.7, 145.3, 3), (28.0, 146.5, 3)]",NYATOH
2021346N05145,"[(5.0, 144.9, 0), (5.1, 144.5, 3), (5.1, 144.0, 3), (5.1, 143.5, 3), (5.2, 143.0, 3), (5.3, 142.4, 3), (5.4, 141.7, 3), (5.6, 141.1, 3), (5.8, 140.5, 3), (6.0, 140.0, 3), (6.3, 139.5, 3), (6.5, 139.1, 3), (6.7, 138.5, 3), (6.9, 137.7, 3), (7.2, 136.8, 3), (7.4, 136.1, 3), (7.7, 135.5, 3), (7.9, 134.9, 3), (8.2, 134.3, 3), (8.5, 133.8, 3), (8.7, 133.3, 3), (8.8, 132.8, 3), (8.9, 132.3, 3), (8.9, 131.9, 3), (8.9, 131.4, 3), (9.0, 130.8, 3), (9.1, 130.2, 3), (9.2, 129.6, 3), (9.4, 128.9, 3), (9.5, 128.3, 3), (9.7, 127.6, 3), (9.9, 126.8, 3), (10.0, 126.0, 3), (10.1, 125.1, 3), (10.1, 124.2, 3), (10.2, 123.3, 3), (10.2, 122.5, 3), (10.1, 121.7, 3), (10.0, 121.0, 3), (10.0, 120.4, 3), (10.1, 119.9, 3), (10.2, 119.2, 3), (10.3, 118.5, 3), (10.4, 117.9, 3), (10.6, 117.3, 3), (10.8, 116.6, 3), (10.9, 115.9, 3), (11.0, 115.3, 3), (11.2, 114.7, 3), (11.5, 114.1, 3), (11.9, 113.4, 3), (12.3, 112.8, 3), (12.6, 112.2, 3), (12.8, 111.8, 3), (13.1, 111.4, 3), (13.5, 111.0, 3), (14.0, 110.7, 3), (14.4, 110.6, 3), (14.9, 110.6, 3), (15.4, 110.6, 3), (16.0, 110.6, 3), (16.6, 110.7, 3), (17.2, 110.9, 3), (17.6, 111.2, 3), (18.0, 111.5, 3)]",RAI
2022096N03150,"[(3.3, 150.1, 0), (3.4, 149.9, 3), (3.4, 149.6, 3), (3.4, 149.3, 3), (3.4, 149.0, 3), (3.5, 148.7, 3), (3.7, 148.3, 3), (3.8, 147.9, 3), (3.9, 147.5, 3), (4.0, 147.3, 3), (4.2, 147.1, 3), (4.4, 146.8, 3), (4.6, 146.5, 3), (4.8, 146.4, 3), (5.1, 146.3, 3), (5.3, 146.1, 3), (5.6, 145.9, 3), (5.9, 145.7, 3), (6.2, 145.4, 3), (6.5, 145.1, 3), (6.7, 144.9, 3), (6.9, 144.7, 3), (7.1, 144.4, 3), (7.3, 144.0, 3), (7.5, 143.6, 3), (7.8, 143.3, 3), (8.2, 142.9, 3), (8.9, 142.3, 3), (9.6, 141.6, 3), (10.3, 140.9, 3), (10.9, 140.2, 3), (11.2, 139.5, 3), (11.3, 138.9, 3), (11.4, 138.4, 3), (11.5, 137.9, 3), (11.6, 137.5, 3), (11.8, 137.2, 3), (12.1, 136.8, 3), (12.4, 136.4, 3), (12.8, 136.2, 3), (13.3, 136.1, 3), (13.7, 135.9, 3), (14.1, 135.8, 3), (14.5, 135.7, 3), (14.8, 135.6, 3), (15.1, 135.3, 3), (15.4, 135.1, 3), (15.6, 135.0, 3), (15.8, 135.1, 3), (15.9, 135.2, 3), (16.1, 135.4, 3), (16.4, 135.6, 3), (16.7, 135.9, 3), (17.0, 136.1, 3), (17.3, 136.3, 3), (17.5, 136.6, 3), (17.8, 136.9, 3), (18.3, 137.2, 3), (18.8, 137.5, 3), (19.3, 137.5, 3), (19.7, 137.5, 3), (20.1, 137.7, 3), (20.6, 138.0, 3), (21.1, 138.3, 3), (21.7, 138.5, 3), (22.1, 138.7, 3), (22.6, 139.0, 3), (23.4, 139.5, 3), (24.3, 140.1, 3), (25.2, 140.3, 3), (26.2, 140.6, 3), (27.0, 141.1, 3), (27.9, 141.8, 3), (28.9, 142.7, 3), (30.0, 143.6, 3)]",MALAKAS
2022099N11128,"[(10.6, 127.2, 0), (10.7, 127.1, 3), (10.8, 126.9, 3), (10.9, 126.6, 3), (11.0, 126.3, 3), (11.0, 126.1, 3), (11.0, 125.9, 3), (10.9, 125.8, 3), (10.9, 125.7, 3), (10.9, 125.6, 3), (10.9, 125.5, 3), (10.9, 125.3, 3), (10.9, 125.2, 3), (11.0, 125.1, 3), (11.1, 125.1, 3), (11.2, 125.1, 3), (11.3, 125.0, 3)]",MEGI
2022180N15117,"[(15.4, 116.2, 0), (15.5, 116.1, 3), (15.5, 116.0, 3), (15.5, 116.0, 3), (15.6, 115.9, 3), (15.7, 115.8, 3), (15.7, 115.6, 3), (15.7, 115.5, 3), (15.8, 115.5, 3), (15.9, 115.5, 3), (16.1, 115.4, 3), (16.5, 115.3, 3), (16.9, 115.1, 3), (17.2, 114.9, 3), (17.5, 114.7, 3), (17.8, 114.5, 3), (18.2, 114.2, 3), (18.6, 113.7, 3), (18.9, 113.2, 3), (19.2, 112.9, 3), (19.4, 112.6, 3), (19.7, 112.3, 3), (20.0, 112.1, 3), (20.2, 111.9, 3), (20.3, 111.8, 1), (20.4, 111.8, 1), (20.5, 111.7, 1), (20.6, 111.6, 1), (20.7, 111.5, 1), (20.8, 111.5, 1), (21.2, 111.2, 3), (21.5, 111.0, 3), (21.9, 110.8, 3), (22.2, 110.6, 3), (22.6, 110.5, 3), (23.1, 110.5, 3), (23.6, 110.5, 3), (24.0, 110.5, 3), (24.4, 110.5, 3)]",CHABA
2022180N15130,"[(19.2, 130.7, 0), (19.4, 130.7, 3), (19.6, 130.8, 3), (19.8, 130.9, 3), (20.1, 131.1, 3), (20.6, 131.2, 3), (21.1, 131.2, 3), (21.6, 131.2, 3), (22.1, 131.2, 3), (22.6, 131.0, 3), (23.2, 130.8, 3), (23.9, 130.6, 3), (24.7, 130.3, 3), (25.4, 129.9, 3), (25.9, 129.4, 3), (26.2, 128.6, 3), (26.4, 127.9, 3), (26.7, 127.6, 2), (26.8, 127.6, 1), (27.3, 127.4, 3), (27.6, 127.3, 3), (27.8, 127.2, 3), (28.0, 127.1, 3), (28.2, 126.9, 3), (28.4, 126.6, 3), (28.5, 126.5, 3), (28.9, 126.5, 3), (29.3, 126.7, 3), (29.7, 127.0, 3), (30.2, 127.4, 3), (30.6, 127.7, 3), (30.9, 127.9, 3), (31.3, 128.2, 3), (31.7, 128.6, 3), (32.2, 128.9, 3), (32.7, 129.4, 3)]",AERE
2022208N15143,"[(15.6, 142.4, 0), (15.8, 142.2, 3), (16.1, 141.9, 3), (16.4, 141.6, 3), (16.7, 141.4, 3), (17.1, 141.2, 3), (17.6, 141.0, 3), (18.0, 140.9, 3), (18.4, 140.7, 3), (18.9, 140.5, 3), (19.5, 140.2, 3), (20.0, 140.0, 3), (20.7, 139.7, 3), (21.5, 139.4, 3), (22.6, 138.9, 3), (23.8, 138.4, 3), (25.2, 137.7, 3), (26.6, 136.5, 3), (27.8, 135.0, 3), (28.5, 133.5, 3), (29.0, 132.1, 3), (29.5, 131.0, 3), (30.0, 129.9, 3), (30.3, 129.2, 3), (30.6, 128.5, 3), (31.1, 127.2, 3), (31.4, 126.2, 3), (31.7, 125.5, 3), (31.9, 124.9, 3), (32.3, 124.5, 3), (32.7, 124.2, 3), (33.1, 123.7, 3), (33.4, 123.4, 3), (33.5, 123.2, 3), (33.6, 123.1, 3), (33.7, 123.1, 3), (33.9, 123.2, 3), (34.2, 123.1, 3), (34.4, 123.1, 3), (34.7, 123.1, 3), (34.9, 123.1, 3), (35.1, 123.1, 3), (35.3, 123.2, 3)]",SONGDA
2022211N20129,"[(21.1, 127.2, 0), (21.3, 127.1, 3), (21.6, 127.2, 3), (22.1, 127.4, 3), (22.7, 127.7, 3), (23.2, 127.8, 3), (23.8, 127.9, 3), (24.8, 128.0, 3), (25.8, 127.9, 3), (26.6, 127.7, 3), (27.2, 127.6, 3), (27.7, 127.4, 3), (28.3, 127.3, 3), (29.3, 127.1, 3), (30.0, 127.1, 3), (31.4, 127.0, 3), (32.7, 126.9, 3), (33.7, 126.4, 3), (34.5, 126.3, 3), (35.4, 126.3, 3), (36.3, 126.3, 3)]",TRASES
2022220N16110,"[(15.2, 111.2, 0), (15.3, 111.3, 3), (15.4, 111.5, 3), (15.5, 111.7, 3), (15.6, 112.0, 3), (15.7, 112.3, 3), (16.0, 112.7, 3), (16.6, 113.2, 3), (17.3, 113.5, 3), (17.9, 113.2, 3), (18.4, 112.6, 3), (18.8, 112.2, 3), (19.2, 111.9, 3), (19.6, 111.5, 3), (20.0, 111.0, 3), (20.2, 110.6, 3), (20.3, 110.1, 3), (20.4, 109.6, 3), (20.5, 109.1, 3), (20.8, 108.5, 3), (21.1, 107.8, 3), (21.3, 107.0, 3), (21.4, 106.1, 3)]",MULAN
2022221N24149,"[(26.9, 139.6, 0), (27.2, 139.0, 3), (27.5, 138.4, 3), (27.8, 137.9, 3), (28.1, 137.4, 3), (28.4, 136.8, 3), (28.7, 136.3, 3), (28.7, 136.0, 3), (28.7, 135.8, 3), (28.7, 135.7, 3), (28.8, 135.7, 3), (29.1, 135.8, 3), (29.6, 136.0, 3), (30.0, 136.1, 3), (30.4, 136.2, 3), (30.6, 136.3, 3), (30.8, 136.4, 3), (31.3, 136.5, 3), (31.9, 136.6, 3), (32.4, 136.6, 3), (32.9, 136.7, 3), (33.4, 136.9, 3), (33.9, 137.3, 3), (34.3, 137.6, 3), (34.6, 138.0, 2), (34.7, 138.2, 1), (35.0, 138.8, 2), (35.2, 139.1, 1), (35.8, 140.3, 3), (36.5, 141.5, 3), (37.4, 142.6, 3), (38.3, 143.6, 3), (39.2, 144.6, 3), (40.0, 145.7, 3), (41.0, 146.9, 3), (42.3, 148.2, 3), (43.8, 149.5, 3)]",MEARI
2022232N18131,"[(17.4, 127.2, 0), (17.2, 126.9, 3), (17.0, 126.4, 3), (16.7, 125.7, 3), (16.5, 125.1, 3), (16.4, 124.7, 3), (16.3, 124.4, 3), (16.2, 124.0, 3), (16.2, 123.6, 3), (16.1, 123.5, 3), (16.1, 123.4, 3), (16.1, 123.3, 3), (16.3, 123.2, 3), (16.7, 123.1, 3), (17.2, 122.8, 3), (17.6, 122.2, 3), (17.9, 121.5, 3), (18.1, 120.9, 3), (18.4, 120.3, 3), (18.8, 119.5, 3), (19.1, 118.7, 3), (19.2, 117.9, 3), (19.2, 117.2, 3), (19.3, 116.6, 3), (19.5, 116.1, 3), (19.7, 115.6, 3), (20.0, 115.0, 3), (20.3, 114.3, 3), (20.6, 113.5, 3), (20.8, 112.7, 3), (21.1, 111.9, 3), (21.5, 110.9, 3), (21.7, 109.9, 3), (21.6, 109.0, 3), (21.5, 108.2, 3), (21.5, 107.3, 3), (21.6, 106.3, 3)]",MA-ON
2022233N22151,"[(22.9, 151.4, 0), (23.4, 151.4, 3), (23.9, 151.4, 3), (24.5, 151.5, 3), (25.1, 151.6, 3), (25.5, 151.6, 3), (26.0, 151.6, 3), (26.6, 151.5, 3), (27.2, 151.2, 3), (27.9, 150.8, 3), (28.7, 150.4, 3), (29.6, 150.1, 3), (30.4, 149.8, 3), (31.0, 149.4, 3), (31.6, 149.0, 3), (32.3, 148.7, 3), (33.0, 148.6, 3), (33.6, 148.5, 3), (34.2, 148.6, 3), (34.7, 148.8, 3), (35.2, 149.0, 3), (35.7, 149.3, 3), (36.3, 149.6, 3), (36.8, 149.9, 3), (37.4, 150.3, 3), (38.1, 150.8, 3), (38.9, 151.4, 3), (39.8, 152.1, 3), (40.7, 152.9, 3), (41.7, 153.9, 3), (42.8, 154.9, 3)]",TOKAGE
2022239N22150,"[(25.8, 149.5, 0), (26.3, 148.9, 3), (26.7, 148.3, 3), (27.0, 147.7, 3), (27.2, 147.0, 3), (27.3, 146.2, 3), (27.3, 145.3, 3), (27.4, 144.3, 3), (27.4, 143.3, 3), (27.4, 142.2, 3), (27.3, 141.2, 3), (27.2, 140.2, 3), (27.1, 139.2, 3), (26.9, 138.2, 3), (26.8, 137.3, 3), (26.8, 136.3, 3), (26.8, 135.4, 3), (26.7, 134.5, 3), (26.5, 133.6, 3), (26.4, 132.7, 3), (26.3, 131.9, 3), (26.1, 131.1, 3), (25.9, 130.3, 3), (25.7, 129.6, 3), (25.4, 129.0, 3), (25.1, 128.4, 3), (24.7, 127.7, 3), (24.2, 127.0, 3), (23.7, 126.4, 3), (23.1, 126.0, 3), (22.5, 125.7, 3), (22.1, 125.5, 3), (21.8, 125.5, 3), (21.5, 125.5, 3), (21.3, 125.5, 3), (21.2, 125.5, 3), (21.3, 125.5, 3), (21.4, 125.5, 3), (21.5, 125.4, 3), (21.7, 125.3, 3), (21.9, 125.1, 3), (22.1, 124.9, 3), (22.2, 124.8, 3), (22.3, 124.7, 3), (22.5, 124.7, 3), (22.7, 124.6, 3), (23.0, 124.6, 3), (23.3, 124.6, 3), (23.6, 124.6, 3), (23.9, 124.7, 3), (24.3, 124.8, 3), (24.7, 124.7, 3), (25.1, 124.6, 3), (25.5, 124.5, 3), (26.0, 124.5, 3), (26.5, 124.7, 3), (27.0, 124.8, 3), (27.4, 124.7, 3), (27.7, 124.6, 3), (28.1, 124.5, 3), (28.6, 124.7, 3), (29.2, 124.8, 3), (29.8, 124.9, 3), (30.2, 125.1, 3), (31.0, 125.6, 3), (31.7, 126.1, 3), (32.4, 126.6, 3), (33.3, 127.3, 3), (34.2, 128.0, 3), (35.2, 129.2, 3), (36.5, 130.5, 3), (37.8, 131.8, 3), (39.7, 133.7, 3), (42.0, 135.7, 3), (44.7, 136.8, 3)]",HINNAMNOR
2022247N26147,"[(17.1, 135.3, 0), (17.1, 135.1, 3), (17.0, 134.8, 3), (16.9, 134.3, 3), (16.9, 133.7, 3), (16.9, 133.3, 3), (17.0, 132.9, 3), (17.1, 132.3, 3), (17.1, 131.7, 3), (17.1, 131.2, 3), (17.2, 130.8, 3), (17.3, 130.4, 3), (17.4, 130.1, 3), (17.7, 129.8, 3), (18.1, 129.4, 3), (18.6, 128.9, 3), (19.0, 128.5, 3), (19.2, 128.2, 3), (19.4, 127.9, 3), (19.6, 127.5, 3), (19.9, 127.0, 3), (20.2, 126.6, 3), (20.6, 126.3, 3), (20.9, 126.0, 3), (21.2, 125.7, 3), (21.5, 125.6, 3), (21.7, 125.5, 3), (22.0, 125.2, 3), (22.2, 124.9, 3), (22.4, 124.7, 3), (22.6, 124.5, 3), (22.7, 124.4, 3), (22.9, 124.4, 3), (23.1, 124.4, 3), (23.3, 124.3, 3), (23.5, 124.2, 3), (23.7, 124.2, 3), (23.8, 124.2, 3), (24.0, 124.2, 3), (24.4, 124.1, 3), (24.7, 124.0, 3), (24.8, 124.0, 3), (24.9, 124.0, 3), (25.0, 124.0, 3), (25.2, 124.1, 3), (25.4, 124.2, 3), (25.7, 124.2, 3), (25.9, 124.1, 3), (26.1, 124.0, 3), (26.4, 124.0, 3), (26.7, 123.9, 3), (26.9, 123.7, 3), (27.2, 123.5, 3), (27.6, 123.4, 3), (28.0, 123.2, 3), (28.4, 122.9, 3), (28.9, 122.8, 3), (29.4, 122.5, 3), (30.0, 122.3, 3), (30.4, 122.1, 3), (31.2, 121.7, 3), (31.9, 121.3, 3), (32.7, 120.9, 3), (33.3, 120.6, 3), (34.0, 120.5, 3), (34.7, 120.4, 3), (35.2, 120.3, 3), (35.7, 120.4, 3), (36.4, 120.6, 3), (37.1, 120.8, 3), (37.9, 121.1, 3)]",MUIFA
2022254N21158,"[(20.7, 159.8, 0), (20.7, 160.2, 3), (20.8, 160.5, 3), (20.9, 160.7, 3), (21.0, 160.9, 3), (21.1, 161.1, 3), (21.2, 161.4, 3), (21.4, 161.7, 3), (21.8, 162.0, 3), (22.2, 162.3, 3), (22.7, 162.6, 3), (23.0, 162.9, 3), (23.3, 163.1, 3), (23.6, 163.2, 3), (23.9, 163.2, 3), (24.4, 163.2, 3), (24.9, 163.2, 3), (25.4, 163.2, 3), (25.8, 163.0, 3), (26.2, 162.7, 3), (26.7, 162.3, 3), (27.4, 162.1, 3), (28.2, 162.0, 3), (29.1, 162.0, 3), (30.0, 162.0, 3), (31.0, 162.0, 3), (32.0, 162.0, 3), (32.8, 162.0, 3), (33.8, 162.2, 3), (34.9, 163.0, 3), (36.5, 164.1, 3), (38.7, 165.4, 3), (41.2, 166.8, 3)]",MERBOK
2022254N24143,"[(22.4, 138.2, 0), (22.2, 138.2, 3), (22.0, 138.3, 3), (21.9, 138.6, 3), (22.0, 139.0, 3), (22.1, 139.3, 3), (22.3, 139.6, 3), (22.4, 139.9, 3), (22.4, 140.2, 3), (22.4, 140.4, 3), (22.5, 140.6, 3), (22.7, 140.7, 3), (22.8, 140.7, 3), (22.8, 140.6, 3), (22.8, 140.3, 3), (22.9, 140.0, 3), (23.1, 139.7, 3), (23.1, 139.3, 3), (23.1, 138.8, 3), (23.2, 138.3, 3), (23.3, 137.9, 3), (23.4, 137.6, 3), (23.4, 137.3, 3), (23.4, 136.8, 3), (23.4, 136.4, 3), (23.5, 136.1, 3), (23.7, 135.9, 3), (23.9, 135.7, 3), (24.2, 135.5, 3), (24.5, 135.1, 3), (24.9, 134.7, 3), (25.2, 134.2, 3), (25.5, 133.8, 3), (25.7, 133.4, 3), (26.0, 133.1, 3), (26.4, 132.7, 3), (26.7, 132.5, 3), (27.2, 132.3, 3), (27.6, 132.0, 3), (28.0, 131.7, 3), (28.5, 131.4, 3), (29.1, 131.3, 3), (29.7, 131.0, 3), (30.2, 130.7, 3), (30.4, 130.7, 1), (30.7, 130.7, 2), (31.1, 130.6, 2), (31.3, 130.6, 1), (31.5, 130.6, 1), (31.9, 130.5, 2), (32.6, 130.4, 3), (33.2, 130.4, 3), (33.6, 130.5, 3), (33.9, 130.8, 3), (34.4, 131.5, 3), (35.2, 132.3, 3), (35.8, 133.2, 3), (36.4, 134.4, 3), (36.9, 136.2, 3), (37.5, 138.3, 3), (38.3, 140.5, 3), (39.2, 142.7, 3)]",NANMADOL
2022263N18137,"[(25.2, 138.3, 0), (25.5, 137.9, 3), (25.9, 137.4, 3), (26.4, 136.9, 3), (26.9, 136.5, 3), (27.4, 136.0, 3), (28.0, 135.6, 3), (28.7, 135.2, 3), (29.5, 135.0, 3), (30.1, 134.8, 3), (30.7, 134.8, 3), (31.4, 135.0, 3), (32.0, 135.3, 3), (32.5, 135.8, 3), (32.8, 136.4, 3), (33.1, 136.9, 3), (33.3, 137.3, 3)]",TALAS
2022264N17132,"[(17.7, 134.5, 0), (17.8, 134.5, 3), (17.9, 134.4, 3), (18.0, 134.3, 3), (18.0, 134.1, 3), (18.0, 133.9, 3), (17.9, 133.5, 3), (17.8, 133.0, 3), (17.7, 132.4, 3), (17.6, 131.9, 3), (17.6, 131.4, 3), (17.5, 131.0, 3), (17.4, 130.6, 3), (17.3, 130.1, 3), (17.1, 129.5, 3), (16.8, 128.7, 3), (16.4, 127.9, 3), (16.1, 127.3, 3), (15.8, 126.9, 3), (15.6, 126.5, 3), (15.5, 126.0, 3), (15.3, 125.4, 3), (15.2, 124.7, 3), (15.1, 124.1, 3), (15.0, 123.6, 3), (15.0, 123.0, 3), (15.1, 122.5, 3), (15.1, 122.0, 3), (15.2, 121.5, 3), (15.3, 120.7, 3), (15.4, 119.9, 3), (15.7, 119.1, 3), (15.9, 118.4, 3), (15.9, 117.6, 3), (15.9, 116.9, 3), (15.9, 116.2, 3), (15.9, 115.5, 3), (15.9, 114.5, 3), (15.8, 113.5, 3), (15.6, 112.7, 3), (15.5, 112.1, 3), (15.5, 111.7, 3), (15.6, 111.3, 3), (15.7, 110.6, 3), (15.8, 109.8, 3), (15.8, 109.2, 3), (15.8, 108.7, 3), (15.9, 108.3, 3), (15.9, 107.8, 3), (15.9, 107.3, 3), (15.8, 106.7, 3), (15.8, 105.9, 3), (15.8, 105.1, 3)]",NORU
2022268N20147,"[(20.3, 145.6, 0), (20.5, 145.2, 3), (20.8, 144.9, 3), (21.4, 144.6, 3), (22.1, 144.3, 3), (22.5, 143.8, 3), (22.9, 143.4, 3), (23.4, 143.2, 3), (24.1, 143.0, 3), (25.0, 142.7, 3), (25.9, 142.4, 3), (26.5, 142.1, 3), (26.9, 141.8, 3), (27.3, 141.6, 3), (27.8, 141.5, 3), (28.5, 141.5, 3), (29.1, 141.7, 3), (29.5, 142.0, 3), (29.8, 142.5, 3), (30.4, 143.3, 3), (31.0, 144.1, 3), (31.5, 144.8, 3), (32.1, 145.5, 3), (32.7, 146.4, 3), (33.4, 147.5, 3), (34.0, 148.9, 3), (34.6, 150.3, 3), (35.5, 151.6, 3), (36.5, 153.0, 3), (37.5, 154.5, 3), (38.7, 156.0, 3), (40.2, 157.6, 3), (41.9, 159.2, 3)]",KULAP
2022270N14136,"[(21.1, 132.4, 0), (21.3, 132.3, 3), (21.7, 132.1, 3), (22.4, 131.9, 3), (23.1, 131.7, 3), (23.5, 131.7, 3), (23.9, 131.7, 3), (24.4, 131.6, 3), (24.9, 131.6, 3), (25.4, 131.8, 3), (25.8, 132.2, 3), (26.2, 132.6, 3), (26.7, 133.1, 3), (27.2, 133.6, 3), (27.6, 134.2, 3), (28.0, 135.0, 3), (28.3, 136.0, 3), (28.6, 137.0, 3), (29.0, 138.1, 3), (29.5, 139.1, 3), (30.0, 140.2, 3), (30.5, 141.4, 3), (31.0, 142.6, 3), (31.4, 143.6, 3), (31.8, 144.5, 3), (32.4, 145.6, 3), (33.1, 146.6, 3), (33.5, 147.5, 3), (34.0, 148.4, 3), (34.6, 149.2, 3), (35.4, 150.1, 3)]",ROKE
2022284N15152,"[(26.9, 156.4, 0), (26.7, 157.1, 3), (26.8, 157.6, 3), (27.2, 157.8, 3), (27.7, 157.9, 3), (27.9, 158.0, 3), (28.1, 158.1, 3), (28.4, 158.3, 3), (28.7, 158.5, 3), (29.1, 158.8, 3), (29.6, 159.0, 3), (30.4, 159.1, 3), (31.2, 159.4, 3), (31.8, 159.9, 3), (32.4, 160.6, 3), (33.0, 161.5, 3), (33.5, 162.6, 3), (34.1, 163.6, 3), (34.7, 164.7, 3), (35.5, 166.0, 3), (36.4, 167.5, 3)]",HAITANG
2022285N12116,"[(12.1, 114.8, 0), (12.5, 114.3, 3), (12.9, 113.9, 3), (13.2, 113.7, 3), (13.4, 113.6, 3), (13.7, 113.2, 3), (13.9, 112.7, 3), (14.0, 112.3, 3), (14.1, 112.0, 3), (14.2, 111.7, 3), (14.3, 111.4, 3), (14.5, 110.9, 3), (14.8, 110.3, 3), (15.0, 109.7, 3), (15.2, 109.1, 3), (15.4, 108.5, 3), (15.5, 107.8, 3)]",SONCA
2022285N17140,"[(18.8, 128.3, 0), (18.8, 127.4, 3), (18.9, 126.6, 3), (19.0, 125.9, 3), (19.0, 125.2, 3), (18.9, 124.6, 3), (18.8, 124.1, 3), (18.8, 123.6, 3), (18.9, 123.2, 3), (19.1, 122.7, 3), (19.2, 122.2, 3), (19.2, 121.7, 3), (19.2, 121.1, 3), (19.4, 120.6, 3), (19.6, 120.0, 3), (19.7, 119.5, 3), (19.8, 118.9, 3), (19.8, 118.3, 3), (19.8, 117.7, 3), (19.7, 117.3, 3), (19.6, 117.0, 3), (19.5, 116.6, 3), (19.4, 116.2, 3), (19.3, 115.9, 3), (19.1, 115.5, 3), (18.9, 115.0, 3), (18.6, 114.5, 3), (18.4, 114.1, 3), (18.2, 113.8, 3), (18.0, 113.5, 3), (17.9, 113.1, 3), (17.7, 112.7, 3), (17.6, 112.4, 3), (17.4, 112.1, 3), (17.3, 111.8, 3), (17.1, 111.4, 3), (17.0, 110.9, 3), (17.0, 110.5, 3), (17.0, 110.1, 3), (17.1, 109.7, 3), (17.2, 109.3, 3), (17.3, 109.0, 3), (17.3, 108.8, 3), (17.3, 108.6, 3), (17.4, 108.4, 3)]",NESAT
2022299N11134,"[(10.1, 134.8, 0), (10.2, 134.5, 3), (10.3, 134.2, 3), (10.5, 133.9, 3), (10.6, 133.5, 3), (10.7, 133.1, 3), (10.7, 132.8, 3), (10.7, 132.6, 3), (10.8, 132.3, 3), (10.9, 131.8, 3), (11.0, 131.3, 3), (11.1, 131.0, 3), (11.2, 130.6, 3), (11.2, 130.1, 3), (11.3, 129.5, 3), (11.5, 129.0, 3), (11.8, 128.4, 3), (11.9, 127.6, 3), (12.1, 126.8, 3), (12.7, 126.0, 3), (13.2, 125.3, 3), (13.4, 124.6, 3), (13.4, 123.9, 3), (13.6, 123.1, 3), (13.8, 122.4, 3), (13.9, 121.9, 3), (14.0, 121.6, 3), (14.2, 121.4, 3), (14.6, 121.1, 3), (15.1, 120.6, 3), (15.6, 120.0, 3), (15.7, 119.2, 3), (15.6, 118.5, 3), (15.5, 118.1, 3), (15.5, 117.8, 3), (15.7, 117.6, 3), (15.9, 117.4, 3), (16.0, 117.2, 3), (16.1, 117.0, 3), (16.2, 116.9, 3), (16.4, 116.8, 3), (16.7, 116.7, 3), (17.1, 116.6, 3), (17.5, 116.5, 3), (17.9, 116.4, 3), (18.2, 116.3, 3), (18.4, 116.2, 3), (18.7, 116.0, 3), (18.9, 115.9, 3), (19.1, 115.8, 3), (19.3, 115.8, 3), (19.5, 115.7, 3), (19.8, 115.6, 3), (20.0, 115.5, 3), (20.2, 115.3, 3), (20.4, 115.2, 3), (20.6, 115.1, 3), (20.8, 115.0, 3), (21.1, 114.9, 3), (21.3, 114.7, 3), (21.5, 114.5, 3), (21.6, 114.3, 3), (21.7, 114.1, 3), (21.8, 113.8, 3), (22.0, 113.5, 3)]",NALGAE
2022301N07140,"[(9.0, 138.1, 0), (9.0, 137.5, 3), (9.0, 136.9, 3), (8.9, 136.5, 3), (8.7, 136.1, 3), (8.5, 135.7, 3), (8.2, 135.2, 3), (7.7, 134.6, 3), (7.2, 133.9, 3), (7.1, 133.2, 3), (7.2, 132.6, 3), (7.1, 132.0, 3), (7.1, 131.4, 3), (7.1, 130.9, 3), (7.1, 130.4, 3), (7.1, 130.1, 3), (7.1, 129.8, 3)]",BANYAN
2022316N20167,"[(20.0, 166.4, 0), (20.2, 166.0, 3), (20.3, 165.7, 3), (20.4, 165.6, 3), (20.5, 165.6, 3), (20.7, 165.5, 3), (21.0, 165.5, 3), (21.3, 165.5, 3), (21.5, 165.6, 3), (21.7, 165.7, 3), (21.9, 165.8, 3), (22.0, 165.9, 3), (22.1, 165.9, 3), (22.2, 165.9, 3), (22.3, 165.8, 3), (22.4, 165.8, 3), (22.7, 165.8, 3), (23.2, 165.7, 3), (23.8, 165.6, 3), (24.3, 165.7, 3), (24.8, 165.9, 3)]",YAMANEKO
2022342N06133,"[(13.9, 124.7, 0), (14.4, 124.4, 3), (14.9, 124.1, 3), (15.3, 124.0, 3), (15.7, 124.1, 3), (16.0, 124.4, 3), (16.2, 124.8, 3), (16.5, 125.2, 3), (16.9, 125.6, 3), (17.2, 125.8, 3), (17.5, 126.1, 3), (17.8, 126.5, 3), (18.2, 127.0, 3), (18.6, 127.6, 3), (19.1, 128.2, 3), (19.6, 128.8, 3), (20.0, 129.5, 3), (20.3, 130.3, 3), (20.4, 131.0, 3), (20.4, 131.4, 3), (20.4, 131.7, 3)]",PAKHAR
2023108N03160,"[(4.5, 159.2, 0), (4.9, 158.9, 3), (5.4, 158.6, 3), (6.2, 158.3, 3), (7.0, 158.0, 3), (7.6, 157.9, 3), (8.1, 157.8, 3), (8.6, 157.5, 3), (9.0, 157.1, 3), (9.3, 156.8, 3), (9.5, 156.6, 3), (9.7, 156.4, 3), (9.8, 156.3, 3), (9.9, 156.2, 3), (10.0, 156.1, 3), (10.1, 155.9, 3), (10.2, 155.7, 3), (10.3, 155.5, 3), (10.3, 155.3, 3), (10.3, 154.9, 3), (10.3, 154.5, 3), (10.3, 154.2, 3), (10.2, 153.9, 3)]",SANVU
2023138N05151,"[(6.0, 149.7, 0), (6.0, 149.6, 3), (6.0, 149.5, 3), (6.0, 149.4, 3), (6.0, 149.3, 3), (6.0, 149.2, 3), (6.1, 149.1, 3), (6.3, 149.1, 3), (6.6, 149.0, 3), (6.8, 148.9, 3), (7.0, 148.7, 3), (7.2, 148.6, 3), (7.4, 148.5, 3), (7.6, 148.2, 3), (7.7, 147.9, 3), (7.9, 147.7, 3), (8.1, 147.6, 3), (8.5, 147.4, 3), (8.9, 147.3, 3), (9.2, 147.2, 3), (9.4, 147.1, 3), (9.6, 147.0, 3), (9.9, 146.9, 3), (10.2, 146.9, 3), (10.5, 146.9, 3), (10.8, 146.9, 3), (11.2, 146.9, 3), (11.5, 146.7, 3), (11.8, 146.5, 3), (12.1, 146.2, 3), (12.3, 146.0, 3), (12.4, 145.8, 3), (12.5, 145.7, 3), (12.7, 145.7, 3), (13.0, 145.6, 3), (13.3, 145.4, 3), (13.6, 145.2, 3), (13.7, 145.0, 3), (13.8, 144.7, 3), (14.0, 144.4, 3), (14.1, 144.1, 3), (14.1, 143.8, 3), (14.2, 143.5, 3), (14.3, 143.2, 3), (14.5, 142.8, 3), (14.7, 142.2, 3), (14.8, 141.5, 3), (14.9, 140.9, 3), (14.9, 140.4, 3), (15.0, 139.8, 3), (15.1, 139.2, 3), (15.2, 138.6, 3), (15.4, 137.9, 3), (15.5, 137.2, 3), (15.7, 136.5, 3), (15.8, 135.7, 3), (16.0, 134.9, 3), (16.2, 134.2, 3), (16.4, 133.5, 3), (16.5, 132.8, 3), (16.6, 132.2, 3), (16.7, 131.5, 3), (16.8, 130.9, 3), (17.0, 130.3, 3), (17.1, 129.7, 3), (17.1, 129.2, 3), (17.2, 128.7, 3), (17.4, 128.3, 3), (17.6, 127.9, 3), (17.8, 127.6, 3), (18.0, 127.4, 3), (18.3, 127.1, 3), (18.6, 126.7, 3), (18.8, 126.4, 3), (19.0, 126.2, 3), (19.2, 126.0, 3), (19.4, 125.8, 3), (19.5, 125.7, 3), (19.7, 125.6, 3), (19.9, 125.5, 3), (20.1, 125.4, 3), (20.2, 125.2, 3), (20.3, 125.1, 3), (20.4, 125.0, 3), (20.5, 125.0, 3), (20.6, 125.0, 3), (20.8, 125.0, 3), (21.0, 125.0, 3), (21.2, 125.0, 3), (21.3, 125.0, 3), (21.4, 125.1, 3), (21.8, 125.2, 3), (22.2, 125.3, 3), (22.4, 125.4, 3), (22.7, 125.4, 3), (23.1, 125.5, 3), (23.5, 125.6, 3), (23.9, 125.7, 3), (24.2, 125.8, 3), (24.5, 125.9, 3), (24.9, 126.2, 3), (25.3, 126.6, 3), (25.8, 127.1, 3), (26.3, 127.6, 3), (26.8, 128.1, 3), (27.1, 128.7, 3), (27.4, 129.5, 3), (27.9, 130.4, 3), (28.3, 131.3, 3), (28.6, 132.1, 3), (28.9, 133.0, 3), (29.3, 134.1, 3), (29.7, 135.3, 3), (30.2, 136.5, 3), (30.7, 137.7, 3)]",MAWAR
2023156N12135,"[(12.9, 135.0, 0), (13.0, 135.1, 3), (13.2, 135.1, 3), (13.4, 135.1, 3), (13.7, 135.0, 3), (13.9, 134.9, 3), (14.1, 134.8, 3), (14.4, 134.5, 3), (14.6, 134.2, 3), (14.8, 134.0, 3), (14.9, 133.8, 3), (15.0, 133.5, 3), (15.2, 133.1, 3), (15.4, 132.8, 3), (15.6, 132.4, 3), (15.7, 132.0, 3), (15.8, 131.6, 3), (15.9, 131.3, 3), (16.0, 131.1, 3), (16.2, 130.9, 3), (16.4, 130.8, 3), (16.7, 130.6, 3), (16.9, 130.4, 3), (17.0, 130.4, 3), (17.2, 130.4, 3), (17.6, 130.3, 3), (17.9, 130.1, 3), (18.0, 130.0, 3), (18.1, 129.9, 3), (18.3, 129.9, 3), (18.5, 129.9, 3), (18.7, 129.9, 3), (18.9, 129.9, 3), (19.3, 130.0, 3), (19.8, 130.2, 3), (20.3, 130.4, 3), (20.8, 130.6, 3), (21.3, 130.8, 3), (21.8, 131.1, 3), (22.4, 131.4, 3), (23.1, 131.7, 3), (23.6, 132.0, 3), (24.2, 132.5, 3), (24.9, 133.1, 3), (25.6, 133.8, 3), (26.1, 134.5, 3), (26.7, 135.2, 3), (27.4, 135.9, 3), (28.1, 136.6, 3), (28.8, 137.4, 3), (29.4, 138.2, 3), (29.9, 138.8, 3), (30.5, 139.5, 3), (31.2, 140.6, 3), (32.0, 141.9, 3)]",GUCHOL
2023194N16123,"[(17.8, 120.2, 0), (17.5, 119.7, 3), (17.3, 119.2, 3), (17.3, 118.8, 3), (17.5, 118.6, 3), (17.6, 118.4, 3), (17.7, 118.3, 3), (17.8, 118.2, 3), (18.0, 118.0, 3), (18.1, 117.6, 3), (18.3, 117.1, 3), (18.5, 116.8, 3), (18.7, 116.6, 3), (18.8, 116.4, 3), (18.9, 116.1, 3), (19.0, 115.7, 3), (19.2, 115.3, 3), (19.3, 114.9, 3), (19.5, 114.5, 3), (19.5, 114.4, 1), (19.6, 114.3, 1), (19.6, 114.1, 1), (19.7, 114.0, 1), (19.7, 113.9, 1), (19.8, 113.8, 1), (19.9, 113.7, 1), (19.9, 113.5, 1), (20.0, 113.4, 1), (20.1, 113.3, 1), (20.1, 113.1, 1), (20.2, 113.0, 1), (20.3, 112.9, 1), (20.4, 112.7, 1), (20.4, 112.6, 1), (20.5, 112.4, 1), (20.6, 112.3, 1), (20.7, 112.1, 1), (20.8, 111.9, 1), (20.9, 111.7, 1), (21.0, 111.5, 1), (21.1, 111.3, 1), (21.1, 111.1, 1), (21.2, 110.9, 1), (21.3, 110.2, 3), (21.4, 109.6, 3), (21.5, 109.1, 3), (21.7, 108.7, 3), (22.1, 108.1, 3), (22.4, 107.5, 3), (22.3, 107.0, 3), (22.0, 106.5, 3)]",TALIM
2023201N13134,"[(12.7, 133.7, 0), (12.9, 133.7, 3), (13.1, 133.6, 3), (13.4, 133.5, 3), (13.7, 133.4, 3), (13.8, 133.2, 3), (13.9, 133.0, 3), (13.9, 132.9, 3), (13.9, 132.8, 3), (13.9, 132.7, 3), (14.0, 132.5, 3), (14.1, 132.4, 3), (14.2, 132.2, 3), (14.3, 132.0, 3), (14.3, 131.7, 3), (14.3, 131.4, 3), (14.3, 131.1, 3), (14.3, 130.7, 3), (14.4, 130.3, 3), (14.5, 130.0, 3), (14.6, 129.7, 3), (14.7, 129.4, 3), (14.8, 129.0, 3), (14.8, 128.6, 3), (14.9, 128.3, 3), (15.0, 128.0, 3), (15.1, 127.7, 3), (15.2, 127.3, 3), (15.2, 127.0, 3), (15.2, 126.8, 3), (15.3, 126.6, 3), (15.4, 126.5, 3), (15.7, 126.3, 3), (16.1, 126.1, 3), (16.5, 125.8, 3), (16.7, 125.4, 3), (16.9, 125.1, 3), (17.2, 124.9, 3), (17.6, 124.6, 3), (18.0, 124.2, 3), (18.3, 123.7, 3), (18.6, 123.2, 3), (18.9, 122.7, 3), (19.0, 122.1, 3), (19.0, 121.6, 3), (18.9, 121.4, 3), (18.9, 121.4, 3), (19.1, 121.2, 3), (19.3, 121.0, 3), (19.4, 120.8, 3), (19.6, 120.6, 3), (19.8, 120.3, 3), (20.0, 120.1, 3), (20.3, 119.9, 3), (20.7, 119.7, 3), (20.9, 119.5, 3), (21.1, 119.3, 3), (21.4, 119.2, 3), (21.8, 119.2, 3), (22.3, 119.1, 3), (22.9, 119.0, 3), (23.6, 118.9, 3), (24.3, 118.7, 3), (24.8, 118.5, 3), (25.4, 118.3, 3), (26.2, 118.1, 3), (27.2, 117.8, 3), (28.1, 117.5, 3), (29.0, 117.0, 3), (29.8, 116.2, 3), (30.6, 115.2, 3)]",DOKSURI
2023207N09141,"[(9.8, 141.3, 0), (10.2, 141.1, 3), (10.6, 141.0, 3), (11.0, 140.8, 3), (11.4, 140.5, 3), (11.7, 139.7, 3), (11.9, 138.9, 3), (12.0, 138.4, 3), (12.1, 138.0, 3), (12.3, 137.4, 3), (12.6, 136.9, 3), (12.8, 136.6, 3), (13.0, 136.4, 3), (13.3, 136.1, 3), (13.6, 135.8, 3), (13.8, 135.6, 3), (14.1, 135.4, 3), (14.4, 135.1, 3), (14.8, 134.7, 3), (15.2, 134.3, 3), (15.6, 134.0, 3), (15.9, 133.8, 3), (16.1, 133.7, 3), (16.4, 133.5, 3), (16.8, 133.3, 3), (17.2, 133.2, 3), (17.7, 133.1, 3), (18.2, 132.9, 3), (18.7, 132.8, 3), (19.2, 132.7, 3), (19.6, 132.7, 3), (20.0, 132.6, 3), (20.3, 132.4, 3), (20.7, 132.2, 3), (21.1, 132.1, 3), (21.5, 132.1, 3), (22.0, 132.0, 3), (22.4, 131.8, 3), (22.8, 131.5, 3), (23.2, 131.3, 3), (23.5, 131.0, 3), (23.8, 130.7, 3), (24.1, 130.3, 3), (24.4, 129.9, 3), (24.6, 129.4, 3), (24.8, 129.0, 3), (25.0, 128.7, 3), (25.2, 128.3, 3), (25.3, 128.0, 3), (25.4, 127.7, 3), (25.5, 127.4, 3), (25.6, 127.2, 3), (25.8, 126.9, 3), (26.0, 126.5, 3), (26.1, 126.1, 3), (26.1, 125.8, 3), (26.2, 125.6, 3), (26.4, 125.3, 3), (26.5, 125.0, 3), (26.6, 124.8, 3), (26.6, 124.7, 3), (26.7, 124.5, 3), (26.7, 124.3, 3), (26.7, 124.3, 3), (26.7, 124.3, 3), (26.7, 124.3, 3), (26.8, 124.3, 3), (26.9, 124.4, 3), (27.0, 124.5, 3), (27.1, 124.8, 3), (27.2, 125.1, 3), (27.3, 125.4, 3), (27.5, 125.7, 3), (27.6, 126.1, 3), (27.7, 126.4, 3), (27.7, 126.7, 3), (27.7, 126.9, 3), (27.7, 127.2, 3), (27.8, 127.6, 3), (27.8, 128.0, 3), (27.8, 128.4, 3), (27.9, 128.7, 3), (28.0, 128.9, 3), (27.9, 129.1, 3), (27.7, 129.4, 3), (27.8, 129.7, 3), (27.8, 130.0, 3), (27.6, 130.3, 3), (27.5, 130.5, 3), (27.5, 130.7, 3), (27.6, 130.9, 3), (27.7, 131.0, 3), (27.8, 131.1, 3), (27.8, 131.1, 3), (27.9, 131.1, 3), (28.0, 131.1, 3), (28.2, 131.1, 3), (28.3, 131.1, 3), (28.4, 131.1, 3), (28.7, 131.0, 3), (28.9, 130.9, 3), (29.1, 130.8, 3), (29.4, 130.7, 3), (29.7, 130.6, 3), (29.9, 130.4, 3), (30.2, 130.0, 3), (30.4, 129.7, 3), (30.6, 129.5, 3), (30.9, 129.3, 3), (31.3, 129.0, 3), (31.6, 128.8, 3), (32.0, 128.8, 3), (32.4, 128.7, 3), (32.7, 128.6, 3), (33.4, 128.5, 3), (34.1, 128.5, 3), (34.7, 128.6, 3), (35.7, 128.6, 3), (36.7, 128.2, 3), (37.1, 127.9, 3), (37.6, 127.6, 3), (38.0, 127.1, 3), (38.3, 126.7, 3), (38.6, 126.3, 3), (38.7, 126.0, 3)]",KHANUN
2023213N14257,"[(15.6, 180.0, 0), (15.9, 179.6, 3), (16.3, 179.1, 3), (16.7, 178.5, 3), (17.1, 177.9, 3), (17.4, 177.3, 3), (17.7, 176.7, 3), (17.9, 176.0, 3), (18.0, 175.3, 3), (18.1, 174.7, 3), (18.1, 174.1, 3), (18.1, 173.4, 3), (18.1, 172.7, 3), (18.2, 172.0, 3), (18.3, 171.4, 3), (18.5, 170.8, 3), (18.7, 170.2, 3), (19.0, 169.6, 3), (19.3, 169.1, 3), (19.5, 168.7, 3), (19.7, 168.5, 3), (19.9, 168.3, 3), (20.1, 168.1, 3), (20.3, 167.9, 3), (20.6, 167.8, 3)]",DORA
2023218N25145,"[(23.3, 148.6, 0), (23.3, 149.0, 3), (23.3, 149.3, 3), (23.3, 149.5, 3), (23.4, 149.6, 3), (23.6, 149.7, 3), (23.8, 149.7, 3), (23.9, 149.6, 3), (24.0, 149.4, 3), (24.1, 149.1, 3), (24.1, 148.7, 3), (24.1, 148.4, 3), (24.2, 148.2, 3), (24.3, 147.9, 3), (24.3, 147.6, 3), (24.2, 147.2, 3), (24.2, 146.8, 3), (24.3, 146.4, 3), (24.5, 146.0, 3), (24.7, 145.7, 3), (24.8, 145.4, 3), (24.9, 145.0, 3), (25.0, 144.6, 3), (25.1, 144.2, 3), (25.2, 143.9, 3), (25.3, 143.7, 3), (25.5, 143.5, 3), (25.7, 143.3, 3), (26.0, 143.2, 3), (26.2, 143.0, 3), (26.3, 142.9, 3), (26.5, 142.9, 3), (26.8, 142.9, 3), (27.1, 142.9, 3), (27.4, 142.9, 3), (27.7, 142.8, 3), (27.9, 142.6, 3), (28.1, 142.5, 3), (28.2, 142.4, 3), (28.3, 142.1, 3), (28.5, 141.8, 3), (28.7, 141.6, 3), (28.9, 141.4, 3), (29.0, 141.1, 3), (29.1, 140.7, 3), (29.2, 140.3, 3), (29.3, 140.0, 3), (29.5, 139.8, 3), (29.8, 139.6, 3), (30.1, 139.3, 3), (30.3, 139.0, 3), (30.6, 138.8, 3), (30.8, 138.6, 3), (31.0, 138.3, 3), (31.2, 138.0, 3), (31.5, 137.7, 3), (31.8, 137.5, 3), (32.1, 137.2, 3), (32.3, 136.9, 3), (32.5, 136.7, 3), (32.7, 136.6, 3), (33.0, 136.3, 3), (33.3, 136.0, 3), (33.4, 135.9, 1), (33.7, 135.6, 2), (34.1, 135.3, 3), (34.6, 135.0, 3), (34.8, 134.9, 1), (35.1, 134.7, 2), (35.5, 134.6, 3), (36.0, 134.6, 3), (36.5, 134.6, 3), (37.0, 134.7, 3), (37.5, 135.1, 3), (38.1, 135.5, 3), (38.9, 135.8, 3), (39.7, 136.1, 3), (40.3, 136.2, 3), (40.9, 136.4, 3), (41.5, 136.9, 3), (42.2, 137.4, 3), (43.2, 137.8, 3), (44.1, 138.3, 3), (44.6, 138.9, 3), (44.8, 139.5, 3)]",LAN
2023234N18128,"[(19.5, 125.3, 0), (19.7, 125.2, 3), (20.0, 125.0, 3), (20.3, 124.9, 3), (20.4, 124.7, 3), (20.3, 124.5, 3), (20.2, 124.4, 3), (20.1, 124.3, 3), (20.1, 124.2, 3), (20.0, 124.1, 3), (19.9, 124.0, 3), (19.8, 123.9, 3), (19.7, 123.8, 3), (19.5, 123.6, 3), (19.3, 123.5, 3), (19.2, 123.4, 3), (19.0, 123.4, 3), (18.8, 123.4, 3), (18.5, 123.3, 3), (18.2, 123.3, 3), (18.0, 123.2, 3), (17.7, 123.2, 3), (17.5, 123.1, 3), (17.3, 123.1, 3), (17.2, 123.0, 3), (17.0, 122.9, 3), (16.8, 122.9, 3), (16.6, 122.9, 3), (16.5, 123.0, 3), (16.3, 123.1, 3), (16.2, 123.2, 3), (16.1, 123.5, 3), (16.1, 123.8, 3), (16.4, 124.2, 3), (16.8, 124.4, 3), (17.2, 124.4, 3), (17.5, 124.2, 3), (17.7, 124.2, 3), (17.9, 124.1, 3), (18.1, 124.0, 3), (18.3, 123.8, 3), (18.4, 123.7, 3), (18.5, 123.5, 3), (18.7, 123.3, 3), (18.9, 123.1, 3), (19.1, 122.9, 3), (19.3, 122.7, 3), (19.6, 122.3, 3), (19.9, 121.9, 3), (20.0, 121.4, 3), (20.1, 121.0, 3), (20.2, 120.6, 3), (20.4, 120.3, 3), (20.6, 120.0, 3), (20.7, 119.6, 3), (20.8, 119.1, 3), (20.9, 118.7, 3), (20.9, 118.4, 3), (21.0, 118.2, 3), (21.1, 118.0, 3), (21.2, 117.8, 3), (21.4, 117.6, 3), (21.5, 117.3, 3), (21.5, 117.1, 3), (21.6, 116.8, 3), (21.6, 116.7, 1), (21.7, 116.6, 1), (21.7, 116.5, 1), (21.8, 116.4, 1), (21.9, 116.3, 1), (21.9, 116.2, 1), (21.9, 116.1, 1), (22.0, 116.0, 1), (22.0, 115.8, 1), (22.0, 115.7, 1), (22.0, 115.5, 1), (22.0, 115.4, 1), (22.0, 115.2, 1), (22.0, 115.1, 1), (22.0, 114.9, 1), (22.0, 114.7, 1), (22.0, 114.6, 1), (22.0, 114.4, 1), (22.0, 114.2, 1), (22.0, 114.0, 1), (22.0, 113.9, 1), (22.0, 113.7, 1), (22.0, 113.5, 1), (22.0, 113.4, 1), (22.0, 113.3, 1), (21.9, 113.2, 1), (21.8, 113.1, 1), (21.8, 113.0, 1), (21.7, 112.9, 1), (21.7, 112.8, 1), (21.7, 112.7, 1), (21.7, 112.5, 1), (21.7, 112.4, 1), (21.7, 112.2, 1), (21.7, 112.1, 1), (21.7, 111.9, 1), (21.7, 111.8, 1), (21.7, 111.6, 1), (21.8, 111.5, 1), (21.8, 111.0, 3), (21.7, 110.5, 3), (21.5, 110.1, 3)]",SAOLA
2023234N19154,"[(16.3, 149.8, 0), (16.3, 149.9, 3), (16.3, 150.2, 3), (16.3, 150.7, 3), (16.5, 151.4, 3), (17.0, 152.2, 3), (17.6, 153.1, 3), (18.2, 154.0, 3), (18.8, 154.7, 3), (19.4, 155.2, 3), (20.1, 155.5, 3), (20.8, 155.5, 3), (21.6, 155.3, 3), (22.3, 155.1, 3), (23.0, 154.8, 3), (23.6, 154.5, 3), (24.3, 154.0, 3), (25.1, 153.5, 3), (26.0, 152.8, 3), (26.8, 151.9, 3), (27.7, 151.0, 3), (28.6, 150.2, 3), (29.5, 149.4, 3), (30.6, 148.5, 3), (31.7, 147.5, 3), (32.8, 146.5, 3), (33.8, 145.7, 3), (34.7, 145.0, 3), (35.6, 144.6, 3), (36.4, 144.3, 3), (37.1, 144.2, 3), (37.8, 144.3, 3), (38.4, 144.6, 3), (39.1, 144.9, 3), (39.7, 145.5, 3), (40.2, 146.3, 3), (40.5, 147.3, 3), (40.8, 148.4, 3), (41.0, 149.6, 3), (41.1, 150.8, 3), (41.2, 152.3, 3), (41.2, 154.3, 3), (41.1, 156.6, 3)]",DAMREY
2023239N18144,"[(18.1, 144.4, 0), (18.2, 144.4, 3), (18.3, 144.3, 3), (18.4, 144.2, 3), (18.4, 144.0, 3), (18.4, 143.7, 3), (18.4, 143.3, 3), (18.4, 142.9, 3), (18.5, 142.4, 3), (18.5, 141.9, 3), (18.5, 141.4, 3), (18.5, 140.9, 3), (18.5, 140.4, 3), (18.5, 139.9, 3), (18.6, 139.4, 3), (18.7, 138.8, 3), (18.9, 138.3, 3), (19.0, 137.9, 3), (19.1, 137.5, 3), (19.1, 137.1, 3), (19.2, 136.8, 3), (19.4, 136.6, 3), (19.6, 136.5, 3), (19.9, 136.3, 3), (20.1, 136.1, 3), (20.3, 135.9, 3), (20.4, 135.6, 3), (20.5, 135.4, 3), (20.7, 135.0, 3), (20.9, 134.4, 3), (21.0, 133.7, 3), (21.0, 133.3, 3), (21.1, 133.0, 3), (21.2, 132.6, 3), (21.4, 132.1, 3), (21.6, 131.6, 3), (21.8, 131.1, 3), (21.9, 130.7, 3), (21.9, 130.3, 3), (21.9, 129.9, 3), (22.0, 129.5, 3), (22.1, 128.9, 3), (22.1, 128.4, 3), (22.0, 128.0, 3), (21.9, 127.7, 3), (21.8, 127.3, 3), (21.8, 127.0, 3), (21.9, 126.7, 3), (22.1, 126.3, 3), (22.3, 125.8, 3), (22.4, 125.3, 3), (22.6, 124.8, 3), (22.7, 124.3, 3), (22.7, 123.7, 3), (22.6, 123.2, 3), (22.6, 122.9, 3), (22.6, 122.6, 3), (22.8, 122.1, 3), (22.9, 121.5, 3), (22.9, 120.8, 3), (22.8, 120.2, 3), (22.6, 120.1, 3), (22.6, 120.1, 3), (22.9, 120.0, 3), (23.3, 119.8, 3), (23.3, 119.6, 3), (23.2, 119.3, 3), (23.5, 119.0, 3), (23.8, 118.6, 3), (23.7, 118.0, 3), (23.5, 117.4, 3), (23.4, 117.0, 3), (23.5, 116.7, 3)]",HAIKUI
2023241N10158,"[(11.0, 155.2, 0), (11.2, 155.0, 3), (11.5, 154.8, 3), (11.9, 154.7, 3), (12.3, 154.6, 3), (12.6, 154.5, 3), (12.9, 154.4, 3), (13.1, 154.4, 3), (13.3, 154.4, 3), (13.6, 154.4, 3), (14.0, 154.4, 3), (14.5, 154.5, 3), (15.2, 154.5, 3), (15.9, 154.4, 3), (16.7, 154.1, 3), (17.3, 153.8, 3), (17.9, 153.5, 3), (18.5, 153.1, 3), (19.1, 152.7, 3), (19.7, 152.3, 3), (20.4, 151.8, 3), (21.1, 151.3, 3), (21.9, 150.8, 3), (22.6, 150.2, 3), (23.2, 149.5, 3), (23.8, 148.9, 3), (24.3, 148.4, 3), (24.8, 148.0, 3), (25.4, 147.6, 3), (26.2, 146.9, 3), (27.1, 146.2, 3), (27.9, 145.6, 3), (28.6, 145.0, 3), (28.9, 144.0, 3), (29.0, 143.0, 3), (29.2, 142.4, 3), (29.5, 142.0, 3)]",KIROGI
2023247N20130,"[(20.1, 129.6, 0), (20.3, 130.0, 3), (20.5, 130.3, 3), (20.7, 130.5, 3), (20.9, 130.7, 3), (21.1, 130.9, 3), (21.3, 131.1, 3), (21.6, 131.3, 3), (22.0, 131.5, 3), (22.5, 131.8, 3), (23.0, 132.1, 3), (23.6, 132.5, 3), (24.2, 132.8, 3), (24.9, 132.9, 3), (25.6, 133.1, 3), (26.1, 133.6, 3), (26.6, 134.1, 3), (27.1, 134.4, 3), (27.6, 134.7, 3), (28.0, 135.1, 3), (28.5, 135.5, 3), (29.1, 136.0, 3), (29.8, 136.4, 3), (30.4, 136.8, 3), (30.9, 137.0, 3), (31.4, 137.1, 3), (31.8, 137.1, 3), (32.3, 137.1, 3), (32.6, 137.1, 3), (32.7, 137.1, 3), (32.7, 137.2, 3), (32.6, 137.3, 3), (32.7, 137.4, 3), (33.1, 137.6, 3), (33.6, 137.9, 3)]",YUN-YEUNG
2023271N14144,"[(15.3, 135.1, 0), (15.4, 134.8, 3), (15.5, 134.2, 3), (15.5, 133.3, 3), (15.5, 132.5, 3), (15.4, 132.1, 3), (15.4, 131.8, 3), (15.5, 131.5, 3), (15.8, 131.3, 3), (16.1, 131.0, 3), (16.4, 130.6, 3), (16.6, 130.3, 3), (16.8, 130.1, 3), (17.1, 129.8, 3), (17.4, 129.5, 3), (17.7, 129.2, 3), (17.9, 128.9, 3), (18.1, 128.7, 3), (18.3, 128.5, 3), (18.5, 128.3, 3), (18.7, 128.0, 3), (18.9, 127.7, 3), (19.2, 127.4, 3), (19.4, 127.0, 3), (19.6, 126.7, 3), (19.8, 126.4, 3), (19.9, 126.2, 3), (20.0, 125.9, 3), (20.1, 125.6, 3), (20.3, 125.4, 3), (20.5, 125.2, 3), (20.8, 125.0, 3), (21.2, 124.9, 3), (21.5, 124.8, 3), (21.7, 124.6, 3), (21.9, 124.4, 3), (22.1, 124.1, 3), (22.2, 123.8, 3), (22.2, 123.5, 3), (22.2, 123.1, 3), (22.1, 122.7, 3), (22.0, 122.3, 3), (22.0, 122.0, 3), (22.0, 121.6, 3), (22.0, 121.3, 3), (22.0, 121.1, 3), (22.0, 120.8, 3), (22.0, 120.4, 3), (22.1, 120.0, 3), (22.1, 119.5, 3), (22.1, 119.1, 3), (22.0, 118.7, 3), (21.9, 118.4, 3), (21.8, 118.1, 3), (21.8, 117.7, 3), (21.8, 117.3, 3), (21.7, 116.9, 3), (21.6, 116.5, 3), (21.4, 116.2, 3), (21.3, 115.9, 3), (21.2, 115.7, 3), (21.1, 115.5, 3), (21.1, 115.4, 3), (21.1, 115.3, 3), (21.2, 115.2, 3), (21.2, 115.1, 3), (21.3, 115.1, 3), (21.3, 115.0, 3), (21.4, 114.9, 3), (21.5, 114.8, 3), (21.5, 114.6, 3), (21.5, 114.6, 1), (21.5, 114.5, 1), (21.5, 114.5, 1), (21.6, 114.4, 1), (21.6, 114.4, 1), (21.6, 114.3, 1), (21.6, 114.3, 1), (21.6, 114.2, 1), (21.7, 114.2, 1), (21.7, 114.1, 1), (21.7, 114.1, 1), (21.7, 114.0, 1), (21.7, 114.0, 1), (21.7, 113.9, 1), (21.7, 113.9, 1), (21.7, 113.8, 1), (21.7, 113.8, 1), (21.7, 113.7, 1), (21.7, 113.6, 1), (21.7, 113.6, 1), (21.7, 113.5, 1), (21.7, 113.4, 1), (21.7, 113.4, 1), (21.7, 113.3, 1), (21.6, 113.1, 3), (21.5, 113.0, 3)]",KOINU
2023279N08157,"[(9.4, 155.4, 0), (9.5, 155.2, 3), (9.6, 155.0, 3), (9.6, 154.8, 3), (9.6, 154.7, 3), (9.6, 154.6, 3), (9.6, 154.4, 3), (9.6, 154.2, 3), (9.6, 154.0, 3), (9.6, 153.8, 3), (9.6, 153.5, 3), (9.6, 153.2, 3), (9.6, 152.9, 3), (9.7, 152.7, 3), (9.8, 152.5, 3), (9.8, 152.2, 3), (9.9, 151.9, 3), (10.0, 151.5, 3), (10.2, 151.0, 3), (10.4, 150.6, 3), (10.7, 150.2, 3), (10.9, 149.7, 3), (11.2, 149.3, 3), (11.6, 148.9, 3), (12.0, 148.5, 3), (12.4, 148.0, 3), (12.9, 147.5, 3), (13.3, 147.0, 3), (13.7, 146.5, 3), (14.0, 146.1, 3), (14.3, 145.7, 3), (14.7, 145.3, 3), (15.1, 145.0, 3), (15.5, 144.7, 3), (16.0, 144.5, 3), (16.5, 144.3, 3), (17.1, 144.0, 3), (17.7, 143.7, 3), (18.2, 143.4, 3), (18.6, 143.1, 3), (18.9, 142.9, 3), (19.3, 142.8, 3), (19.7, 142.8, 3), (20.1, 142.9, 3), (20.6, 143.0, 3), (21.2, 143.2, 3), (21.8, 143.5, 3), (22.2, 143.9, 3), (22.7, 144.3, 3), (23.3, 144.8, 3), (24.0, 145.4, 3), (24.7, 146.1, 3), (25.5, 146.9, 3), (26.2, 147.8, 3), (27.1, 148.7, 3), (28.2, 149.8, 3), (29.3, 150.9, 3), (30.3, 152.0, 3), (31.3, 153.2, 3), (32.6, 154.8, 3), (34.0, 156.5, 3), (35.4, 158.2, 3), (36.7, 160.0, 3)]",BOLAVEN
2023289N15111,"[(15.7, 110.4, 0), (15.7, 110.3, 3), (15.8, 110.2, 3), (16.1, 110.0, 3), (16.5, 109.7, 3), (16.8, 109.6, 3), (17.1, 109.5, 3), (17.3, 109.2, 3), (17.6, 108.9, 3), (17.9, 108.7, 3), (18.3, 108.5, 3), (18.6, 108.5, 3), (18.8, 108.5, 3), (19.1, 108.5, 3), (19.4, 108.6, 3), (19.7, 108.8, 3), (20.0, 109.0, 3), (20.5, 109.2, 3), (21.0, 109.3, 3), (21.3, 109.4, 3), (21.4, 109.5, 3), (21.4, 109.6, 3), (21.3, 109.7, 3), (21.1, 109.7, 3), (20.8, 109.7, 3)]",SANBA
2023349N04141,"[(6.7, 133.4, 0), (6.8, 132.8, 3), (6.9, 132.2, 3), (7.0, 131.7, 3), (7.0, 131.2, 3), (7.0, 130.6, 3), (7.0, 130.0, 3), (7.0, 129.5, 3), (7.1, 129.0, 3), (7.1, 128.6, 3), (7.1, 128.3, 3), (7.1, 127.9, 3), (7.1, 127.4, 3), (7.1, 126.9, 3), (7.2, 126.5, 3)]",JELAWAT
2024141N03142,"[(9.3, 127.2, 0), (9.7, 126.8, 3), (10.2, 126.4, 3), (10.8, 125.8, 3), (11.4, 125.2, 3), (11.9, 124.5, 3), (12.3, 123.9, 3), (12.6, 123.4, 3), (12.8, 123.0, 3), (13.1, 122.6, 3), (13.3, 122.2, 3), (13.5, 122.0, 3), (13.7, 121.8, 3), (13.9, 121.5, 3), (14.1, 121.4, 3), (14.2, 121.5, 3), (14.3, 121.7, 3), (14.6, 121.9, 3), (15.0, 122.2, 3), (15.3, 122.4, 3), (15.5, 122.5, 3), (15.6, 122.6, 3), (15.8, 122.8, 3), (16.0, 123.1, 3), (16.3, 123.5, 3), (16.7, 123.7, 3), (17.1, 123.9, 3), (17.3, 124.1, 3), (17.6, 124.5, 3), (18.0, 125.0, 3), (18.6, 125.6, 3), (19.2, 126.1, 3), (19.8, 126.6, 3), (20.4, 127.3, 3), (21.1, 128.1, 3), (21.9, 128.8, 3), (22.8, 129.4, 3), (23.6, 130.2, 3), (24.3, 130.9, 3), (24.9, 131.6, 3), (25.5, 132.2, 3), (26.0, 132.6, 3), (26.4, 133.0, 3), (26.9, 133.5, 3), (27.3, 134.0, 3), (27.7, 134.4, 3), (28.1, 134.8, 3), (28.5, 135.3, 3), (29.0, 135.9, 3), (29.4, 136.4, 3), (29.9, 136.9, 3), (30.6, 137.4, 3), (31.3, 138.0, 3)]",EWINIAR
2024151N18113,"[(17.6, 111.9, 0), (17.5, 112.2, 3), (17.6, 112.4, 3), (18.0, 112.5, 3), (18.5, 112.5, 3), (19.2, 112.6, 3), (19.8, 112.6, 3), (20.1, 112.3, 3), (20.4, 111.9, 3), (20.7, 111.7, 3), (21.1, 111.5, 3)]",MALIKSI
2024198N08130,"[(15.0, 115.7, 0), (15.2, 115.1, 3), (15.4, 114.6, 3), (15.5, 114.1, 3), (15.7, 113.7, 3), (15.9, 113.2, 3), (16.1, 112.7, 3), (16.1, 112.2, 3), (16.1, 111.7, 3), (16.0, 111.4, 3), (16.1, 111.3, 3), (16.5, 111.2, 3), (17.1, 111.2, 3), (17.5, 111.1, 3), (17.9, 110.9, 3), (18.3, 110.6, 3), (18.7, 110.2, 3), (19.2, 109.7, 3), (19.6, 109.2, 3), (19.9, 108.9, 3), (20.1, 108.6, 3), (20.3, 108.4, 3), (20.5, 108.2, 3), (20.7, 108.0, 3), (20.9, 107.9, 3), (21.2, 107.7, 3), (21.4, 107.6, 3), (21.5, 107.5, 3), (21.6, 107.4, 3), (21.6, 107.3, 3), (21.6, 107.1, 3)]",PRAPIROON
2024201N12133,"[(14.0, 131.2, 0), (14.3, 130.7, 3), (14.5, 130.2, 3), (14.7, 129.7, 3), (15.0, 129.2, 3), (15.3, 128.6, 3), (15.6, 128.1, 3), (15.9, 127.6, 3), (16.2, 127.2, 3), (16.3, 126.8, 3), (16.3, 126.5, 3), (16.4, 126.2, 3), (16.5, 125.9, 3), (16.5, 125.8, 3), (16.5, 125.7, 3), (16.6, 125.6, 3), (16.7, 125.6, 3), (16.9, 125.5, 3), (17.1, 125.5, 3), (17.4, 125.5, 3), (17.7, 125.5, 3), (17.9, 125.5, 3), (18.0, 125.5, 3), (18.2, 125.4, 3), (18.4, 125.3, 3), (18.6, 125.2, 3), (18.9, 125.1, 3), (19.2, 125.0, 3), (19.6, 125.0, 3), (20.1, 125.0, 3), (20.7, 125.0, 3), (21.3, 124.9, 3), (21.9, 124.6, 3), (22.4, 124.1, 3), (22.8, 123.6, 3), (23.2, 123.4, 3), (23.5, 123.3, 3), (23.9, 122.9, 3), (24.2, 122.5, 3), (23.9, 122.1, 3), (23.7, 121.7, 3), (24.1, 121.6, 3), (24.7, 121.4, 3), (25.0, 120.9, 3), (25.1, 120.3, 3), (25.2, 120.0, 3), (25.2, 119.8, 3), (25.2, 119.5, 3), (25.3, 119.3, 3), (25.5, 119.0, 3), (25.7, 118.8, 3), (25.9, 118.6, 3), (26.3, 118.4, 3), (26.9, 118.2, 3), (27.5, 117.9, 3), (27.9, 117.5, 3), (28.2, 117.1, 3), (28.5, 116.7, 3), (28.7, 116.3, 3)]",GAEMI
2024218N23143,"[(25.8, 140.7, 0), (25.7, 140.7, 3), (25.6, 140.8, 3), (25.5, 140.9, 3), (25.5, 141.0, 3), (25.4, 141.2, 3), (25.3, 141.5, 3), (25.3, 141.8, 3), (25.4, 142.2, 3), (25.5, 142.6, 3), (25.7, 143.0, 3), (26.0, 143.5, 3), (26.4, 144.0, 3), (27.0, 144.4, 3), (27.6, 144.7, 3), (28.1, 145.0, 3), (28.7, 145.2, 3), (29.4, 145.5, 3), (30.0, 145.7, 3), (30.4, 145.8, 3), (30.9, 145.9, 3), (31.6, 146.0, 3), (32.2, 146.0, 3), (32.5, 146.0, 3), (32.8, 145.9, 3), (33.4, 145.9, 3), (34.1, 145.9, 3), (34.5, 145.8, 3), (34.9, 145.7, 3), (35.3, 145.6, 3), (35.7, 145.5, 3), (36.0, 145.4, 3), (36.2, 145.3, 3), (36.6, 145.1, 3), (36.9, 144.9, 3), (37.2, 144.7, 3), (37.4, 144.5, 3), (37.5, 144.2, 3), (37.6, 143.9, 3), (37.7, 143.6, 3), (37.8, 143.3, 3), (38.1, 142.9, 3), (38.4, 142.5, 3), (38.7, 142.2, 3), (38.9, 141.9, 2), (39.0, 141.7, 1), (39.3, 140.8, 3), (39.6, 139.9, 3), (39.8, 139.4, 3), (40.0, 139.0, 3), (40.3, 138.7, 3), (40.7, 138.4, 3)]",MARIA
2024224N27154,"[(26.7, 154.0, 0), (26.8, 154.3, 3), (26.9, 154.6, 3), (27.0, 154.7, 3), (27.1, 154.8, 3), (27.4, 154.9, 3), (27.9, 155.0, 3), (28.3, 155.0, 3), (28.8, 154.9, 3), (29.5, 154.7, 3), (30.2, 154.4, 3), (30.8, 153.8, 3), (31.4, 153.0, 3), (31.9, 152.3, 3), (32.4, 151.6, 3), (32.7, 151.0, 3), (33.1, 150.4, 3), (33.7, 149.8, 3), (34.3, 149.2, 3), (34.8, 148.5, 3), (35.2, 147.9, 3), (35.6, 147.3, 3), (36.0, 146.8, 3), (36.5, 146.4, 3), (37.1, 146.0, 3)]",SON-TINH
2024225N22135,"[(22.2, 135.8, 0), (22.6, 136.1, 3), (22.9, 136.4, 3), (23.2, 136.8, 3), (23.4, 137.2, 3), (23.6, 137.4, 3), (23.9, 137.6, 3), (24.1, 137.8, 3), (24.4, 138.1, 3), (24.7, 138.4, 3), (24.9, 138.6, 3), (25.1, 138.8, 3), (25.3, 139.0, 3), (25.4, 139.2, 3), (25.5, 139.4, 3), (25.8, 139.8, 3), (26.1, 140.3, 3), (26.4, 140.6, 3), (26.7, 140.8, 3), (27.1, 141.1, 3), (27.5, 141.3, 3), (28.0, 141.4, 3), (28.5, 141.3, 3), (29.1, 141.2, 3), (29.6, 141.1, 3), (30.1, 141.1, 3), (30.6, 141.1, 3), (31.0, 141.0, 3), (31.5, 140.9, 3), (32.0, 140.8, 3), (32.6, 140.8, 3), (33.1, 140.8, 3), (33.5, 140.8, 3), (33.8, 140.9, 3), (34.1, 141.1, 3), (34.5, 141.5, 3), (35.0, 142.0, 3), (35.5, 142.5, 3), (35.9, 142.9, 3), (36.3, 143.3, 3), (36.6, 143.8, 3), (37.0, 144.5, 3), (37.3, 145.4, 3), (37.5, 146.4, 3), (37.8, 147.5, 3), (38.2, 148.7, 3), (38.6, 149.9, 3), (39.1, 151.2, 3), (39.6, 152.6, 3), (40.1, 153.9, 3), (40.6, 155.2, 3), (41.2, 156.6, 3), (41.8, 158.0, 3), (42.3, 159.3, 3), (42.9, 160.4, 3), (43.6, 161.5, 3), (44.3, 162.5, 3)]",AMPIL
2024225N24147,"[(25.8, 149.3, 0), (26.1, 149.6, 3), (26.3, 149.9, 3), (26.5, 150.0, 3), (26.8, 150.0, 3), (27.1, 150.0, 3), (27.3, 149.9, 3), (27.4, 149.7, 3), (27.6, 149.5, 3), (28.0, 149.4, 3), (28.4, 149.3, 3), (28.7, 149.2, 3), (29.1, 149.0, 3), (29.8, 148.5, 3), (30.6, 147.8, 3)]",WUKONG
2024231N24126,"[(24.0, 125.7, 0), (24.2, 125.8, 3), (24.4, 125.8, 3), (24.5, 125.8, 3), (24.5, 125.8, 3), (24.5, 125.8, 3), (24.6, 125.8, 3), (24.8, 125.8, 3), (25.1, 125.9, 3), (25.6, 126.0, 3), (26.3, 126.0, 3), (26.9, 125.9, 3), (27.6, 125.8, 3), (28.5, 125.7, 3), (29.4, 125.6, 3), (30.3, 125.6, 3), (31.0, 125.6, 3), (31.8, 125.4, 3), (32.6, 125.4, 3), (33.5, 125.5, 3), (34.5, 125.6, 3), (35.4, 125.7, 3), (36.6, 125.7, 3), (37.3, 125.8, 3), (38.0, 126.3, 3)]",JONGDARI
2024233N15148,"[(15.9, 143.9, 0), (16.2, 143.7, 3), (16.5, 143.4, 3), (16.6, 143.0, 3), (16.7, 142.6, 3), (16.7, 142.3, 3), (16.7, 142.1, 3), (16.7, 141.8, 3), (16.7, 141.5, 3), (16.7, 141.4, 3), (16.8, 141.3, 3), (16.8, 141.2, 3), (16.9, 141.1, 3), (17.0, 141.1, 3), (17.1, 141.1, 3), (17.3, 141.1, 3), (17.5, 141.2, 3), (17.7, 141.3, 3), (17.9, 141.3, 3), (18.1, 141.3, 3), (18.3, 141.3, 3), (18.5, 141.3, 3), (18.9, 141.3, 3), (19.4, 141.3, 3), (20.0, 141.3, 3), (20.6, 141.2, 3), (21.3, 141.0, 3), (21.9, 140.9, 3), (22.5, 140.8, 3), (23.1, 140.5, 3), (23.7, 140.0, 3), (24.3, 139.5, 3), (24.8, 139.0, 3), (25.3, 138.5, 3), (25.8, 137.9, 3), (26.2, 137.2, 3), (26.5, 136.5, 3), (26.7, 135.7, 3), (26.9, 135.0, 3), (27.1, 134.4, 3), (27.2, 133.9, 3), (27.4, 133.3, 3), (27.5, 132.8, 3), (27.6, 132.3, 3), (27.7, 131.9, 3), (27.9, 131.5, 3), (28.0, 131.2, 3), (28.1, 131.0, 3), (28.2, 130.8, 3), (28.3, 130.6, 3), (28.5, 130.4, 3), (28.6, 130.3, 3), (28.7, 130.3, 3), (28.8, 130.3, 3), (29.0, 130.1, 3), (29.1, 130.0, 3), (29.2, 130.1, 3), (29.6, 130.1, 3), (30.0, 130.0, 3), (30.2, 130.1, 3), (30.6, 130.1, 3), (30.9, 130.0, 3), (31.3, 130.0, 3), (31.7, 130.1, 3), (32.0, 130.2, 2), (32.1, 130.2, 1), (32.6, 130.2, 3), (32.8, 130.2, 3), (32.9, 130.4, 3), (32.9, 130.5, 3), (32.9, 130.6, 3), (33.1, 130.9, 3), (33.3, 131.3, 3), (33.5, 131.6, 3), (33.6, 132.0, 3), (33.8, 132.4, 3), (33.9, 132.9, 3), (34.0, 133.5, 3)]",SHANSHAN
2024244N09137,"[(12.2, 126.3, 0), (12.6, 125.8, 3), (13.0, 125.4, 3), (13.4, 125.0, 3), (13.8, 124.5, 3), (14.1, 123.8, 3), (14.4, 123.2, 3), (14.7, 123.0, 3), (15.1, 122.9, 3), (15.6, 122.6, 3), (16.2, 122.3, 3), (16.8, 122.0, 3), (17.3, 121.7, 3), (17.7, 121.3, 3), (17.9, 120.9, 3), (18.1, 120.3, 3), (18.3, 119.7, 3), (18.4, 119.3, 3), (18.5, 119.1, 3), (18.6, 118.9, 3), (18.7, 118.7, 3), (18.8, 118.5, 3), (18.9, 118.2, 3), (19.0, 117.9, 3), (19.1, 117.7, 3), (19.2, 117.5, 3), (19.2, 117.4, 3), (19.2, 117.2, 3), (19.2, 116.9, 3), (19.2, 116.6, 3), (19.1, 116.3, 3), (19.0, 116.1, 3), (19.0, 115.8, 3), (19.1, 115.5, 3), (19.3, 115.1, 3), (19.3, 114.7, 3), (19.3, 114.2, 3), (19.3, 113.6, 3), (19.2, 113.0, 3), (19.2, 112.6, 3), (19.2, 112.2, 3), (19.4, 111.8, 3), (19.7, 111.3, 3), (19.9, 110.8, 3), (20.0, 110.3, 3), (20.2, 109.6, 3), (20.3, 109.0, 3), (20.4, 108.5, 3), (20.5, 108.1, 3), (20.7, 107.6, 3), (20.9, 107.1, 3), (21.0, 106.5, 3), (21.0, 106.0, 3), (20.9, 105.7, 3), (20.8, 105.4, 3), (20.9, 105.2, 3), (21.0, 104.9, 3), (21.2, 104.6, 3), (21.3, 104.2, 3)]",YAGI
2024246N22147,"[(30.2, 146.8, 0), (30.6, 146.5, 3), (31.1, 146.3, 3), (31.7, 146.1, 3), (32.2, 145.9, 3), (32.7, 145.8, 3), (33.1, 145.8, 3), (33.5, 145.8, 3), (33.9, 146.0, 3), (34.4, 146.4, 3), (34.9, 146.9, 3), (35.3, 147.5, 3), (35.8, 148.2, 3), (36.3, 148.9, 3), (36.9, 149.7, 3), (37.4, 150.4, 3), (37.9, 151.1, 3), (38.4, 152.1, 3), (39.1, 153.1, 3), (39.9, 154.1, 3), (40.8, 155.0, 3)]",LEEPI
2024253N11148,"[(10.3, 147.3, 0), (10.7, 147.0, 3), (11.0, 146.7, 3), (11.3, 146.4, 3), (11.7, 146.1, 3), (12.1, 145.8, 3), (12.6, 145.4, 3), (13.0, 144.8, 3), (13.3, 144.1, 3), (13.5, 143.5, 3), (13.7, 142.9, 3), (14.1, 142.4, 3), (14.5, 142.0, 3), (14.8, 141.5, 3), (15.1, 141.1, 3), (15.6, 140.8, 3), (16.3, 140.5, 3), (17.0, 140.2, 3), (17.7, 140.0, 3), (18.4, 139.9, 3), (19.1, 139.7, 3), (19.8, 139.2, 3), (20.3, 138.6, 3), (20.7, 138.1, 3), (21.0, 137.6, 3), (21.5, 137.3, 3), (22.1, 136.9, 3), (22.7, 136.3, 3), (23.3, 135.6, 3), (23.9, 134.7, 3), (24.5, 133.8, 3), (24.9, 133.2, 3), (25.3, 132.7, 3), (25.8, 132.2, 3), (26.3, 131.6, 3), (26.9, 130.9, 3), (27.4, 130.2, 3), (27.8, 129.6, 3), (28.1, 129.2, 3), (28.5, 128.6, 3), (28.8, 128.0, 3), (29.2, 127.6, 3), (29.6, 127.1, 3), (29.8, 126.6, 3), (30.1, 126.2, 3), (30.3, 125.4, 3), (30.4, 124.8, 3), (30.5, 124.1, 3), (30.6, 123.3, 3), (30.7, 122.5, 3), (30.9, 121.8, 3), (31.3, 121.1, 3), (31.5, 120.5, 3), (31.6, 119.9, 3), (31.6, 119.3, 3), (31.8, 118.7, 3), (32.0, 118.1, 3), (32.2, 117.6, 3), (32.4, 117.2, 3)]",BEBINCA
2024259N12145,"[(12.2, 144.3, 0), (12.6, 144.3, 3), (13.0, 144.4, 3), (13.3, 144.5, 3), (13.7, 144.4, 3), (14.7, 144.2, 3), (15.7, 143.7, 3), (16.0, 142.9, 3), (16.1, 142.0, 3), (16.4, 141.4, 3), (16.7, 141.0, 3), (17.1, 140.6, 3), (17.6, 140.2, 3), (18.2, 139.6, 3), (19.0, 138.8, 3), (20.4, 137.8, 3), (21.5, 136.7, 3), (21.6, 135.5, 3), (21.5, 134.5, 3), (21.9, 133.9, 3), (22.4, 133.5, 3), (22.7, 132.8, 3), (23.1, 132.0, 3), (23.6, 131.1, 3), (24.3, 130.2, 3), (25.1, 129.4, 3), (25.9, 128.7, 3), (26.6, 128.0, 3), (27.2, 127.2, 3), (27.7, 126.3, 3), (28.3, 125.3, 3), (29.4, 124.3, 3), (30.0, 123.4, 3), (30.3, 122.6, 3), (30.7, 122.1, 3), (31.0, 121.6, 3), (31.3, 120.9, 3), (31.5, 120.6, 3), (31.8, 120.3, 3), (32.0, 120.2, 3), (32.4, 120.4, 3), (32.6, 120.6, 3), (32.8, 121.1, 3), (33.0, 121.8, 3), (33.2, 122.2, 3), (33.3, 122.7, 3), (33.4, 123.3, 3)]",PULASAN
2024259N17126,"[(17.1, 125.2, 0), (17.3, 124.9, 3), (17.4, 124.6, 3), (17.5, 124.1, 3), (17.5, 123.5, 3), (17.6, 122.8, 3), (17.7, 121.9, 3), (17.7, 120.9, 3), (17.6, 120.0, 3), (17.4, 119.5, 3), (17.2, 119.1, 3), (17.1, 118.8, 3), (17.1, 118.3, 3), (17.2, 117.5, 3), (17.4, 116.6, 3), (17.5, 115.7, 3), (17.5, 114.9, 3), (17.5, 114.1, 3), (17.4, 113.2, 3), (17.4, 112.3, 3), (17.4, 111.4, 3), (17.4, 110.7, 3), (17.5, 110.1, 3), (17.5, 109.2, 3), (17.5, 108.4, 3), (17.3, 107.7, 3), (17.0, 107.2, 3), (16.8, 107.0, 3), (16.7, 106.9, 3)]",SOULIK
2024267N29129,"[(27.8, 135.1, 0), (28.0, 135.2, 3), (28.1, 135.2, 3), (28.2, 135.0, 3), (28.3, 134.7, 3), (28.2, 134.3, 3), (28.1, 133.9, 3), (27.9, 133.6, 3), (27.8, 133.3, 3), (27.8, 133.1, 3), (27.9, 132.9, 3)]",CIMARON
2024269N14150,"[(16.4, 147.0, 0), (16.7, 146.8, 3), (16.9, 146.6, 3), (17.0, 146.4, 3), (17.1, 146.3, 3), (17.2, 146.1, 3), (17.4, 145.9, 3), (17.7, 145.7, 3), (18.0, 145.5, 3), (18.2, 145.3, 3), (18.5, 145.0, 3), (18.9, 144.8, 3), (19.3, 144.4, 3), (19.7, 143.8, 3), (20.1, 143.2, 3), (20.4, 142.9, 3), (20.7, 142.8, 3), (21.2, 142.7, 3), (21.6, 142.5, 3), (21.8, 142.2, 3), (22.0, 141.9, 3), (22.3, 141.7, 3), (22.7, 141.6, 3), (23.2, 141.4, 3), (23.7, 141.2, 3), (24.1, 141.0, 3), (24.5, 140.9, 3), (24.8, 140.8, 3), (25.1, 140.8, 3), (25.6, 140.6, 3), (26.2, 140.5, 3), (26.9, 140.6, 3), (27.7, 140.7, 3), (28.5, 140.8, 3), (29.2, 141.0, 3), (29.9, 141.1, 3), (30.6, 141.2, 3), (31.5, 141.4, 3), (32.6, 141.6, 3), (33.6, 141.8, 3), (34.7, 142.1, 3), (35.8, 142.6, 3), (36.9, 143.3, 3), (38.1, 144.3, 3), (39.3, 145.5, 3), (40.6, 146.9, 3), (42.1, 148.6, 3), (43.6, 150.7, 3), (45.2, 153.0, 3), (46.9, 155.1, 3), (48.6, 157.1, 3)]",JEBI
2024270N24128,"[(21.2, 127.0, 0), (21.0, 126.8, 3), (20.8, 126.6, 3), (20.6, 126.4, 3), (20.3, 126.3, 3), (20.1, 126.2, 3), (19.8, 126.1, 3), (19.4, 126.0, 3), (19.1, 125.8, 3), (18.8, 125.6, 3), (18.6, 125.4, 3), (18.5, 125.3, 3), (18.4, 125.2, 3), (18.3, 125.1, 3), (18.3, 124.9, 3), (18.3, 124.7, 3), (18.4, 124.6, 3), (18.5, 124.5, 3), (18.7, 124.3, 3), (19.0, 124.1, 3), (19.3, 123.9, 3), (19.6, 123.5, 3), (19.8, 123.0, 3), (19.9, 122.6, 3), (19.9, 122.3, 3), (20.0, 122.1, 3), (20.1, 122.0, 3), (20.3, 121.7, 3), (20.5, 121.3, 3), (20.5, 120.8, 3), (20.5, 120.4, 3), (20.5, 120.2, 3), (20.6, 120.0, 3), (20.6, 119.8, 3), (20.6, 119.6, 3), (20.7, 119.5, 3), (20.9, 119.5, 3), (21.1, 119.4, 3), (21.2, 119.3, 3), (21.4, 119.2, 3), (21.5, 119.2, 3), (21.6, 119.2, 3), (21.6, 119.3, 3), (21.8, 119.3, 3), (21.9, 119.4, 3), (22.0, 119.4, 3), (22.0, 119.5, 3), (22.1, 119.6, 3), (22.2, 119.7, 3), (22.3, 119.8, 3), (22.4, 120.0, 3), (22.5, 120.2, 3), (22.6, 120.4, 3), (22.7, 120.5, 3), (22.7, 120.6, 3), (22.7, 120.7, 3), (22.8, 120.7, 3)]",KRATHON
2024278N11150,"[(18.6, 145.4, 0), (19.0, 145.5, 3), (19.5, 145.6, 3), (20.2, 145.8, 3), (20.9, 146.0, 3), (21.4, 146.3, 3), (21.8, 146.6, 3), (22.4, 146.9, 3), (23.0, 147.1, 3), (23.5, 147.3, 3), (23.8, 147.3, 3), (23.9, 147.2, 3), (23.9, 147.0, 3), (24.0, 146.9, 3), (24.0, 147.0, 3), (24.0, 147.1, 3), (24.0, 147.4, 3), (24.2, 147.8, 3), (24.6, 148.2, 3), (25.2, 148.6, 3), (25.9, 149.0, 3), (26.7, 149.3, 3), (27.6, 149.4, 3), (28.7, 149.3, 3), (29.8, 149.1, 3), (30.7, 149.2, 3), (31.5, 149.4, 3), (32.1, 149.8, 3), (32.7, 150.2, 3), (33.8, 150.5, 3), (34.9, 150.9, 3), (35.6, 151.6, 3), (36.5, 152.5, 3), (38.0, 153.4, 3), (39.6, 154.0, 3), (41.0, 154.2, 3), (42.2, 154.0, 3)]",BARIJAT
2024293N13141,"[(14.1, 136.6, 0), (14.1, 135.9, 3), (14.0, 135.3, 3), (13.9, 134.7, 3), (13.8, 134.1, 3), (13.9, 133.2, 3), (13.9, 132.3, 3), (13.7, 131.4, 3), (13.4, 130.6, 3), (13.2, 129.7, 3), (13.1, 129.0, 3), (13.1, 128.5, 3), (13.2, 128.2, 3), (13.3, 127.9, 3), (13.4, 127.5, 3), (13.6, 127.0, 3), (13.9, 126.6, 3), (14.3, 126.2, 3), (14.7, 125.9, 3), (14.9, 125.6, 3), (15.0, 125.3, 3), (15.3, 124.8, 3), (15.6, 124.3, 3), (16.0, 123.8, 3), (16.4, 123.4, 3), (16.7, 123.1, 3), (16.9, 122.8, 3), (17.1, 122.5, 3), (17.2, 122.2, 3), (17.1, 121.7, 3), (17.0, 121.2, 3), (17.0, 120.8, 3), (17.0, 120.4, 3), (17.0, 120.1, 3), (17.0, 119.9, 3), (16.9, 119.6, 3), (16.9, 119.3, 3), (17.0, 119.0, 3), (17.1, 118.6, 3), (17.3, 117.9, 3), (17.5, 117.2, 3), (17.4, 116.7, 3), (17.2, 116.2, 3), (17.2, 115.6, 3), (17.2, 114.9, 3), (17.1, 114.1, 3), (16.9, 113.3, 3), (16.9, 112.7, 3), (16.9, 112.2, 3), (16.9, 111.5, 3), (16.9, 110.7, 3), (16.9, 110.0, 3), (16.9, 109.4, 3), (16.8, 108.9, 3), (16.5, 108.4, 3), (16.2, 107.9, 3), (15.8, 107.6, 3), (15.5, 107.3, 3), (15.3, 107.3, 3), (15.3, 107.5, 3), (15.4, 107.9, 3)]",TRAMI
2024298N13150,"[(12.7, 149.5, 0), (12.9, 148.9, 3), (13.0, 148.2, 3), (13.0, 147.5, 3), (13.0, 146.9, 3), (13.1, 146.2, 3), (13.3, 145.7, 3), (13.5, 145.6, 3), (13.8, 145.4, 3), (14.3, 144.6, 3), (14.8, 143.5, 3), (15.1, 142.2, 3), (15.4, 141.0, 3), (15.9, 140.4, 3), (16.4, 139.8, 3), (16.5, 138.6, 3), (16.4, 137.5, 3), (16.4, 136.8, 3), (16.4, 136.3, 3), (16.5, 135.7, 3), (16.5, 135.0, 3), (16.5, 134.2, 3), (16.4, 133.5, 3), (16.4, 133.1, 3), (16.4, 132.9, 3), (16.4, 132.5, 3), (16.4, 132.1, 3), (16.4, 131.7, 3), (16.4, 131.3, 3), (16.5, 130.8, 3), (16.6, 130.3, 3), (16.6, 129.9, 3), (16.6, 129.6, 3), (16.6, 129.2, 3), (16.6, 128.9, 3), (16.6, 128.6, 3), (16.7, 128.4, 3), (16.9, 128.2, 3), (17.1, 127.9, 3), (17.3, 127.6, 3), (17.5, 127.3, 3), (17.6, 126.9, 3), (17.8, 126.6, 3), (18.1, 126.3, 3), (18.4, 126.0, 3), (18.6, 125.7, 3), (18.8, 125.4, 3), (18.9, 125.1, 3), (19.1, 124.9, 3), (19.4, 124.6, 3), (19.8, 124.3, 3), (20.1, 124.0, 3), (20.4, 123.7, 3), (20.7, 123.2, 3), (21.0, 122.8, 3), (21.4, 122.5, 3), (21.9, 122.2, 3), (22.5, 121.8, 3), (23.1, 121.3, 3), (23.6, 120.7, 3), (24.1, 120.2, 3), (24.5, 120.0, 3), (25.0, 120.1, 3), (25.7, 120.3, 3), (26.6, 120.6, 3), (27.4, 121.1, 3), (28.3, 121.7, 3), (29.3, 122.4, 3), (30.4, 123.2, 3)]",KONG-REY
2024307N06143,"[(8.7, 139.1, 0), (9.2, 138.7, 3), (9.7, 138.1, 3), (10.3, 137.2, 3), (10.9, 136.3, 3), (11.2, 135.6, 3), (11.4, 134.9, 3), (11.7, 133.9, 3), (12.0, 133.0, 3), (12.4, 132.3, 3), (12.9, 131.6, 3), (13.6, 130.8, 3), (14.3, 130.1, 3), (14.9, 129.5, 3), (15.4, 128.9, 3), (15.8, 128.2, 3), (16.1, 127.6, 3), (16.6, 127.0, 3), (17.0, 126.5, 3), (17.2, 126.1, 3), (17.3, 125.7, 3), (17.6, 125.4, 3), (17.9, 125.1, 3), (18.0, 124.9, 3), (18.0, 124.7, 3), (18.0, 124.5, 3), (18.1, 124.4, 3), (18.2, 124.2, 3), (18.2, 124.0, 3), (18.2, 123.8, 3), (18.3, 123.6, 3), (18.5, 123.4, 3), (18.6, 123.1, 3), (18.6, 122.8, 3), (18.5, 122.4, 3), (18.5, 122.0, 3), (18.6, 121.5, 3), (18.6, 121.0, 3), (18.5, 120.4, 3), (18.4, 119.9, 3), (18.3, 119.4, 3), (18.3, 118.8, 3), (18.4, 118.2, 3), (18.4, 117.5, 3), (18.4, 116.9, 3), (18.5, 116.3, 3), (18.6, 115.8, 3), (18.6, 115.4, 3), (18.7, 115.0, 3), (18.9, 114.6, 3), (19.0, 114.2, 3), (19.1, 113.9, 3), (19.1, 113.7, 3), (19.2, 113.5, 3), (19.2, 113.3, 3), (19.1, 113.2, 3), (19.0, 113.2, 3), (19.0, 113.1, 3), (18.9, 113.0, 3), (18.7, 112.8, 3), (18.5, 112.6, 3), (18.2, 112.3, 3), (17.8, 112.0, 3), (17.4, 111.7, 3), (17.0, 111.4, 3), (16.7, 111.1, 3), (16.4, 110.8, 3), (16.1, 110.6, 3), (15.8, 110.5, 3), (15.3, 110.3, 3), (14.9, 110.0, 3), (14.6, 109.8, 3), (14.4, 109.6, 3), (14.2, 109.4, 3), (14.1, 109.3, 3)]",YINXING
2024312N14145,"[(14.5, 134.6, 0), (14.4, 134.0, 3), (14.4, 133.2, 3), (14.4, 132.3, 3), (14.4, 131.4, 3), (14.6, 130.8, 3), (14.8, 130.2, 3), (14.9, 129.3, 3), (15.0, 128.3, 3), (15.0, 127.6, 3), (15.1, 126.9, 3), (15.2, 126.1, 3), (15.3, 125.4, 3), (15.4, 124.8, 3), (15.5, 124.3, 3), (15.7, 123.7, 3), (15.9, 123.1, 3), (16.1, 122.7, 3), (16.3, 122.3, 3), (16.6, 121.7, 3), (17.0, 121.1, 3), (17.4, 120.4, 3), (17.8, 119.8, 3), (18.1, 119.4, 3), (18.3, 119.1, 3), (18.4, 118.8, 3), (18.6, 118.6, 3), (18.8, 118.3, 3), (19.1, 118.1, 3), (19.4, 117.9, 3), (19.6, 117.7, 3), (19.8, 117.4, 3), (19.9, 117.1, 3), (20.0, 116.7, 3), (20.2, 116.2, 3), (20.4, 115.8, 3), (20.5, 115.7, 1), (20.5, 115.6, 1), (20.6, 115.5, 1), (20.7, 115.4, 1), (20.7, 115.3, 1), (20.8, 115.2, 1), (20.8, 115.2, 1), (20.9, 115.1, 1), (20.9, 115.0, 1), (20.9, 114.9, 1), (20.9, 114.8, 1), (21.0, 114.7, 1), (21.0, 114.6, 1), (21.0, 114.5, 1), (21.0, 114.4, 1), (21.0, 114.3, 1), (21.0, 114.3, 1), (21.0, 114.2, 1), (21.1, 114.2, 1), (21.1, 114.1, 1), (21.1, 114.1, 1)]",TORAJI
2024313N10169,"[(13.8, 160.5, 0), (14.2, 159.9, 3), (14.6, 159.4, 3), (14.9, 158.9, 3), (15.2, 158.3, 3), (15.5, 157.6, 3), (15.8, 157.0, 3), (15.8, 156.5, 3), (15.8, 156.1, 3), (15.8, 155.9, 3), (15.8, 155.7, 3), (15.8, 155.5, 3), (15.7, 155.2, 3), (15.5, 154.7, 3), (15.3, 154.1, 3), (15.2, 153.6, 3), (15.0, 153.2, 3), (14.7, 152.9, 3), (14.5, 152.6, 3), (14.3, 152.2, 3), (14.2, 151.8, 3), (14.1, 151.3, 3), (14.0, 150.7, 3), (14.0, 150.0, 3), (14.1, 149.2, 3), (14.2, 148.3, 3), (14.2, 147.5, 3), (14.1, 146.9, 3), (13.9, 146.4, 3), (13.5, 145.7, 3), (13.0, 145.1, 3), (12.6, 144.6, 3), (12.3, 144.2, 3), (12.2, 143.7, 3), (12.2, 143.1, 3), (12.1, 142.2, 3), (11.9, 141.2, 3), (11.6, 140.2, 3), (11.3, 139.3, 3), (11.0, 138.6, 3), (10.7, 138.1, 3), (10.4, 137.7, 3), (10.2, 137.1, 3), (10.3, 136.1, 3), (10.4, 135.0, 3), (10.4, 134.3, 3), (10.4, 133.6, 3), (10.4, 132.8, 3), (10.5, 131.9, 3), (10.6, 131.1, 3), (10.8, 130.3, 3), (11.1, 129.7, 3), (11.4, 129.1, 3), (11.7, 128.4, 3), (12.0, 127.8, 3), (12.3, 127.2, 3), (12.6, 126.7, 3), (12.9, 126.2, 3), (13.3, 125.7, 3), (13.6, 125.1, 3), (13.9, 124.6, 3), (14.1, 124.2, 3), (14.3, 123.8, 3), (14.6, 123.4, 3), (15.0, 122.9, 3), (15.4, 122.5, 3), (15.8, 122.0, 3), (16.2, 121.3, 3), (16.6, 120.6, 3), (17.1, 120.0, 3), (17.6, 119.4, 3), (17.9, 118.9, 3), (18.1, 118.3, 3), (18.3, 117.6, 3), (18.5, 117.0, 3), (18.6, 116.5, 3), (18.6, 116.1, 3), (18.8, 115.7, 3), (18.9, 115.3, 3), (18.9, 114.8, 3), (18.9, 114.2, 3), (18.8, 113.6, 3), (18.7, 113.0, 3), (18.4, 112.5, 3), (18.1, 112.0, 3)]",MAN-YI
2024314N07151,"[(9.5, 146.3, 0), (9.8, 145.3, 3), (10.1, 144.3, 3), (10.4, 143.4, 3), (10.7, 142.5, 3), (11.0, 141.7, 3), (11.3, 141.0, 3), (11.7, 140.2, 3), (12.0, 139.5, 3), (12.2, 138.8, 3), (12.3, 138.1, 3), (12.3, 137.3, 3), (12.4, 136.5, 3), (12.6, 135.7, 3), (12.9, 135.0, 3), (13.1, 134.3, 3), (13.4, 133.5, 3), (13.7, 132.7, 3), (14.0, 131.9, 3), (14.2, 131.2, 3), (14.3, 130.5, 3), (14.4, 129.7, 3), (14.6, 129.0, 3), (14.8, 128.4, 3), (15.0, 127.9, 3), (15.4, 127.2, 3), (15.7, 126.4, 3), (15.9, 125.8, 3), (16.1, 125.3, 3), (16.3, 124.6, 3), (16.6, 124.0, 3), (16.9, 123.5, 3), (17.2, 123.1, 3), (17.5, 122.6, 3), (17.9, 122.2, 3), (18.3, 121.7, 3), (18.7, 121.3, 3), (19.1, 121.0, 3), (19.5, 120.8, 3), (19.8, 120.4, 3), (20.2, 120.1, 3), (20.7, 119.8, 3), (21.1, 119.7, 3), (21.4, 119.7, 3), (21.6, 119.7, 3), (21.9, 119.8, 3), (22.1, 119.9, 3), (22.3, 120.1, 3), (22.4, 120.4, 3)]",USAGI
2024357N10115,"[(10.3, 114.2, 0), (10.3, 113.9, 3), (10.4, 113.6, 3), (10.5, 113.4, 3), (10.7, 113.3, 3), (11.0, 113.2, 3), (11.2, 113.0, 3), (11.1, 112.8, 3), (11.0, 112.7, 3), (11.2, 112.6, 3), (11.4, 112.6, 3), (11.5, 112.5, 3), (11.6, 112.4, 3), (11.6, 112.4, 3), (11.5, 112.3, 3), (11.6, 112.2, 3), (11.6, 112.0, 3), (11.5, 111.8, 3), (11.4, 111.6, 3), (11.3, 111.4, 3), (11.1, 111.2, 3)]",PABUK
